epoch,time,train/box_loss,train/cls_loss,train/dfl_loss,metrics/precision(B),metrics/recall(B),metrics/mAP50(B),metrics/mAP50-95(B),val/box_loss,val/cls_loss,val/dfl_loss,lr/pg0,lr/pg1,lr/pg2
1,53.0864,1.51815,2.50271,0.00793,0.16205,0.14103,0.09578,0.02391,0.96944,1.64051,0.00836,6.62963e-05,6.62963e-05,0.0669181
2,99.8802,1.43716,2.13136,0.00704,0.15884,0.15883,0.09676,0.02912,0.95528,1.46117,0.00877,0.000132914,0.000132914,0.0336514
3,142.302,1.30712,1.87725,0.00691,0.26352,0.1396,0.13313,0.03754,0.97029,1.45231,0.00888,0.000199337,0.000199337,0.000384523
4,185.862,1.45409,2.0849,0.00689,0.18941,0.15883,0.12507,0.03881,0.96855,1.35094,0.00892,0.000199342,0.000199342,0.000199342
5,229.494,1.42158,1.98557,0.00675,0.56993,0.12108,0.12075,0.03714,0.97707,1.31041,0.00892,0.00019883,0.00019883,0.00019883
6,271.119,1.53452,2.11731,0.00706,0.18561,0.22013,0.1222,0.04288,0.98658,1.33223,0.00897,0.000198175,0.000198175,0.000198175
7,315.804,1.27603,1.73117,0.00634,0.21525,0.22436,0.14497,0.04944,0.97689,1.32781,0.00866,0.000197375,0.000197375,0.000197375
8,358.876,1.2326,1.70926,0.00577,0.22901,0.19658,0.16246,0.05342,0.99212,1.29812,0.00874,0.000196433,0.000196433,0.000196433
9,402.252,1.15722,1.52449,0.00536,0.23204,0.20485,0.15672,0.05383,0.99891,1.20768,0.00855,0.00019535,0.00019535,0.00019535
10,446.218,1.38501,1.73086,0.00626,0.5556,0.1655,0.16468,0.0557,1.0094,1.21032,0.00892,0.000194128,0.000194128,0.000194128
11,490.113,1.24761,1.62185,0.00544,0.52732,0.15028,0.14887,0.0488,0.99988,1.22959,0.00861,0.000192769,0.000192769,0.000192769
12,533.639,1.17597,1.52202,0.00574,0.52603,0.15933,0.13738,0.04887,0.98091,1.15547,0.00872,0.000191274,0.000191274,0.000191274
13,575.312,1.20788,1.45823,0.00545,0.20632,0.21991,0.14691,0.04908,0.99515,1.20058,0.00898,0.000189646,0.000189646,0.000189646
14,616.573,1.20715,1.47998,0.00569,0.17023,0.24909,0.14818,0.05637,0.99041,1.1608,0.00886,0.000187887,0.000187887,0.000187887
15,660.364,1.26941,1.53758,0.00556,0.22343,0.26624,0.14525,0.0553,0.96781,1.23342,0.00884,0.000186001,0.000186001,0.000186001
16,701.741,1.09214,1.32344,0.00469,0.19589,0.20655,0.14025,0.05435,0.93972,1.28579,0.0084,0.00018399,0.00018399,0.00018399
17,745.889,1.28434,1.49169,0.00542,0.18655,0.19658,0.14488,0.05561,0.95112,1.22137,0.00853,0.000181857,0.000181857,0.000181857
18,786.949,1.10249,1.28314,0.00479,0.32462,0.21867,0.17113,0.06812,0.96421,1.20792,0.00856,0.000179605,0.000179605,0.000179605
19,830.391,1.14446,1.32164,0.00466,0.29736,0.16809,0.14796,0.04964,0.9659,1.29339,0.00846,0.000177239,0.000177239,0.000177239
20,871.555,1.10744,1.31337,0.00496,0.20301,0.26905,0.16281,0.06153,0.97417,1.28701,0.00869,0.000174761,0.000174761,0.000174761
21,912.135,1.1531,1.25662,0.00451,0.51594,0.14886,0.13421,0.04488,0.9849,1.32399,0.00861,0.000172175,0.000172175,0.000172175
22,954.049,1.10194,1.1929,0.00522,0.51009,0.1396,0.14758,0.04855,0.95478,1.30084,0.00828,0.000169486,0.000169486,0.000169486
23,994.305,1.12397,1.11758,0.00521,0.50231,0.1396,0.12944,0.03878,0.96264,1.36524,0.00832,0.000166698,0.000166698,0.000166698
24,1035.89,1.0882,1.1316,0.00515,0.2502,0.13936,0.15482,0.05017,0.94483,1.30198,0.00826,0.000163814,0.000163814,0.000163814
25,1077.72,1.19475,1.22375,0.00553,0.37213,0.12994,0.16332,0.05959,0.96525,1.28453,0.00856,0.00016084,0.00016084,0.00016084
26,1118.81,1.07381,1.12549,0.0045,0.30953,0.11182,0.16353,0.05679,0.96491,1.30044,0.00835,0.000157779,0.000157779,0.000157779
27,1162.17,1.05945,1.0904,0.00421,0.336,0.1298,0.16378,0.0608,0.97911,1.30535,0.00841,0.000154637,0.000154637,0.000154637
28,1203.35,1.03833,0.98112,0.00433,0.12443,0.21035,0.11232,0.04187,1.02648,1.26303,0.00908,0.000151419,0.000151419,0.000151419
29,1244.73,1.10357,1.09059,0.00466,0.19196,0.18661,0.13733,0.04866,1.04177,1.31625,0.0094,0.000148129,0.000148129,0.000148129
30,1286.08,1.06082,1.03144,0.00465,0.16156,0.22708,0.14417,0.05182,1.05381,1.28021,0.00976,0.000144773,0.000144773,0.000144773
31,1327.41,1.04741,1.03459,0.00418,0.18844,0.22988,0.14922,0.05399,1.05971,1.29118,0.00966,0.000141355,0.000141355,0.000141355
32,1371.08,1.04893,1.01121,0.00443,0.17011,0.23985,0.14472,0.05315,1.03495,1.31346,0.00914,0.000137881,0.000137881,0.000137881
33,1411.75,1.05479,0.94587,0.00399,0.17144,0.19227,0.1529,0.05286,1.02401,1.33869,0.00964,0.000134357,0.000134357,0.000134357
34,1452.37,1.07831,1.08294,0.00408,0.24727,0.23985,0.16151,0.05564,1.04558,1.25922,0.00962,0.000130787,0.000130787,0.000130787
35,1493.18,1.05998,0.9622,0.00448,0.29361,0.22988,0.18277,0.07345,1.0024,1.27391,0.00932,0.000127177,0.000127177,0.000127177
36,1537.04,1.08062,0.92179,0.00464,0.26177,0.22062,0.15172,0.05858,0.9877,1.23442,0.00922,0.000123534,0.000123534,0.000123534
37,1581.14,0.97676,0.87785,0.00446,0.26864,0.23985,0.15485,0.05994,0.97654,1.23645,0.00901,0.000119861,0.000119861,0.000119861
38,1622.76,0.99017,0.87177,0.00397,0.34362,0.19284,0.1638,0.07019,1.02105,1.22951,0.00938,0.000116166,0.000116166,0.000116166
39,1664.42,1.00448,0.84495,0.00397,0.26342,0.13034,0.15825,0.06218,0.99497,1.24254,0.00919,0.000112454,0.000112454,0.000112454
40,1706.22,1.00805,0.89273,0.00414,0.25344,0.23607,0.16448,0.07191,0.99066,1.27098,0.00868,0.00010873,0.00010873,0.00010873
41,1747.87,0.98473,0.81897,0.0038,0.31197,0.23985,0.16301,0.0628,0.97798,1.2973,0.00916,0.000105,0.000105,0.000105
42,1791.98,0.95372,0.85767,0.00394,0.19547,0.25908,0.14457,0.05192,1.02014,1.29813,0.00951,0.00010127,0.00010127,0.00010127
43,1833.85,0.94959,0.90392,0.00416,0.18537,0.26834,0.14898,0.05649,0.98613,1.27953,0.00868,9.75464e-05,9.75464e-05,9.75464e-05
44,1875.42,0.99596,0.81375,0.004,0.29185,0.13105,0.13351,0.04453,1.00214,1.32963,0.00854,9.38339e-05,9.38339e-05,9.38339e-05
45,1917.04,0.96357,0.83318,0.00404,0.29286,0.13105,0.14553,0.04327,1.01755,1.33005,0.00884,9.01387e-05,9.01387e-05,9.01387e-05
46,1958.51,0.97059,0.81206,0.004,0.26345,0.19648,0.1495,0.05805,0.98034,1.34191,0.00846,8.64664e-05,8.64664e-05,8.64664e-05
47,2002.49,0.98852,0.86981,0.00386,0.28464,0.20464,0.14581,0.05349,0.98994,1.32244,0.00873,8.28227e-05,8.28227e-05,8.28227e-05
48,2044.17,0.96215,0.77537,0.00381,0.2875,0.20447,0.13418,0.04989,0.97738,1.32682,0.00869,7.92132e-05,7.92132e-05,7.92132e-05
49,2085.9,0.98885,0.88127,0.00373,0.33793,0.21688,0.18166,0.05409,0.96593,1.3372,0.00842,7.56434e-05,7.56434e-05,7.56434e-05
50,2127.73,0.85468,0.70149,0.00363,0.20222,0.25908,0.17214,0.05333,0.96798,1.28128,0.00849,7.21189e-05,7.21189e-05,7.21189e-05
51,2169.52,0.93459,0.76989,0.00369,0.25324,0.24982,0.1567,0.05085,0.9495,1.33586,0.0084,6.86451e-05,6.86451e-05,6.86451e-05
52,2213.63,0.95282,0.77167,0.00347,0.22468,0.23985,0.16941,0.05365,0.93345,1.42065,0.0082,6.52273e-05,6.52273e-05,6.52273e-05
53,2255.28,0.87482,0.72782,0.00369,0.21168,0.24982,0.16713,0.05278,0.97741,1.29439,0.00855,6.18709e-05,6.18709e-05,6.18709e-05
