image,camera_name,image_path,class_id,class_name,confidence,min_conf_used,lat,lon,ht,yaw,pitch,roll,std_east,std_north,std_ht,std_roll,std_pitch,std_yaw,easting,northing,bbox_x1,bbox_y1,bbox_x2,bbox_y2,bbox_cx,bbox_cy,bbox_w,bbox_h
Cam1_2026-06-09_14-55-39_capt0185_186.jpg,Cam1_2026-06-09_14-55-39_capt0185_186.jpg,C:\Users\61411\Documents\Codex\2026-05-24\i-am-developing-a-new-research\experiments\gt46_yolo26_coordinate_revised\method_images\raw\Cam1_2026-06-09_14-55-39_capt0185_186.jpg,3,Pothole (D40),0.08046536147594452,0.08,-37.7978086576,144.9870382515,26.9295,96.637794,37.008562,-2.13627,0.011,0.015,0.024,0.028,0.029,0.155,,,3958,675,4303,833,4130.5,754.0,345,158
Cam1_2026-06-09_14-55-40_capt0195_196.jpg,Cam1_2026-06-09_14-55-40_capt0195_196.jpg,C:\Users\61411\Documents\Codex\2026-05-24\i-am-developing-a-new-research\experiments\gt46_yolo26_coordinate_revised\method_images\rmr_native_gate_gamma085\Cam1_2026-06-09_14-55-40_capt0195_196.jpg,3,Pothole (D40),0.24930326640605927,0.08,-37.7978158861,144.987101452,26.897,96.729485,37.051515,-2.189226,0.01,0.013,0.022,0.028,0.029,0.151,,,837,2271,924,2361,880.5,2316.0,87,90
Cam1_2026-06-09_14-55-42_capt0210_211.jpg,Cam1_2026-06-09_14-55-42_capt0210_211.jpg,C:\Users\61411\Documents\Codex\2026-05-24\i-am-developing-a-new-research\experiments\gt46_yolo26_coordinate_revised\method_images\raw\Cam1_2026-06-09_14-55-42_capt0210_211.jpg,3,Pothole (D40),0.09401781857013702,0.08,-37.7978281827,144.9872061713,26.8034,96.747351,37.379582,-1.696654,0.011,0.015,0.025,0.028,0.029,0.145,,,292,1460,399,1539,345.5,1499.5,107,79
Cam1_2026-06-09_14-55-44_capt0225_226.jpg,Cam1_2026-06-09_14-55-44_capt0225_226.jpg,C:\Users\61411\Documents\Codex\2026-05-24\i-am-developing-a-new-research\experiments\gt46_yolo26_coordinate_revised\method_images\rmr_native_gate_gamma085\Cam1_2026-06-09_14-55-44_capt0225_226.jpg,2,Alligator Crack (D20),0.863541305065155,0.08,-37.7978393477,144.987307688,26.7868,96.270179,37.006278,-2.324683,0.012,0.015,0.027,0.028,0.029,0.14,,,1597,1424,2474,1676,2035.5,1550.0,877,252
Cam1_2026-06-09_14-55-44_capt0225_226.jpg,Cam1_2026-06-09_14-55-44_capt0225_226.jpg,C:\Users\61411\Documents\Codex\2026-05-24\i-am-developing-a-new-research\experiments\gt46_yolo26_coordinate_revised\method_images\raw\Cam1_2026-06-09_14-55-44_capt0225_226.jpg,1,Transverse Crack (D10),0.49789655208587646,0.08,-37.7978393477,144.987307688,26.7868,96.270179,37.006278,-2.324683,0.012,0.015,0.027,0.028,0.029,0.14,,,279,1761,1372,1914,825.5,1837.5,1093,153
Cam1_2026-06-09_14-55-44_capt0225_226.jpg,Cam1_2026-06-09_14-55-44_capt0225_226.jpg,C:\Users\61411\Documents\Codex\2026-05-24\i-am-developing-a-new-research\experiments\gt46_yolo26_coordinate_revised\method_images\rmr_native_gate_gamma085\Cam1_2026-06-09_14-55-44_capt0225_226.jpg,1,Transverse Crack (D10),0.4778958559036255,0.08,-37.7978393477,144.987307688,26.7868,96.270179,37.006278,-2.324683,0.012,0.015,0.027,0.028,0.029,0.14,,,2476,1714,2843,1818,2659.5,1766.0,367,104
Cam1_2026-06-09_14-55-44_capt0225_226.jpg,Cam1_2026-06-09_14-55-44_capt0225_226.jpg,C:\Users\61411\Documents\Codex\2026-05-24\i-am-developing-a-new-research\experiments\gt46_yolo26_coordinate_revised\method_images\rmr_native_gate_gamma085\Cam1_2026-06-09_14-55-44_capt0225_226.jpg,1,Transverse Crack (D10),0.46027669310569763,0.08,-37.7978393477,144.987307688,26.7868,96.270179,37.006278,-2.324683,0.012,0.015,0.027,0.028,0.029,0.14,,,3170,1327,4067,1596,3618.5,1461.5,897,269
Cam1_2026-06-09_14-55-44_capt0225_226.jpg,Cam1_2026-06-09_14-55-44_capt0225_226.jpg,C:\Users\61411\Documents\Codex\2026-05-24\i-am-developing-a-new-research\experiments\gt46_yolo26_coordinate_revised\method_images\rmr_native_gate_gamma085\Cam1_2026-06-09_14-55-44_capt0225_226.jpg,3,Pothole (D40),0.24812430143356323,0.08,-37.7978393477,144.987307688,26.7868,96.270179,37.006278,-2.324683,0.012,0.015,0.027,0.028,0.029,0.14,,,1185,972,1322,1031,1253.5,1001.5,137,59
Cam1_2026-06-09_14-55-45_capt0230_231.jpg,Cam1_2026-06-09_14-55-45_capt0230_231.jpg,C:\Users\61411\Documents\Codex\2026-05-24\i-am-developing-a-new-research\experiments\gt46_yolo26_coordinate_revised\method_images\raw\Cam1_2026-06-09_14-55-45_capt0230_231.jpg,1,Transverse Crack (D10),0.22586409747600555,0.08,-37.7978425807,144.9873382541,26.7626,95.954619,37.31891,-2.713062,0.009,0.012,0.023,0.028,0.029,0.139,,,1200,952,1782,1040,1491.0,996.0,582,88
Cam1_2026-06-09_14-55-45_capt0230_231.jpg,Cam1_2026-06-09_14-55-45_capt0230_231.jpg,C:\Users\61411\Documents\Codex\2026-05-24\i-am-developing-a-new-research\experiments\gt46_yolo26_coordinate_revised\method_images\rmr_native_gate_gamma085\Cam1_2026-06-09_14-55-45_capt0230_231.jpg,1,Transverse Crack (D10),0.17816191911697388,0.08,-37.7978425807,144.9873382541,26.7626,95.954619,37.31891,-2.713062,0.009,0.012,0.023,0.028,0.029,0.139,,,1966,837,2446,929,2206.0,883.0,480,92
Cam1_2026-06-09_14-55-45_capt0230_231.jpg,Cam1_2026-06-09_14-55-45_capt0230_231.jpg,C:\Users\61411\Documents\Codex\2026-05-24\i-am-developing-a-new-research\experiments\gt46_yolo26_coordinate_revised\method_images\rmr_native_gate_gamma085\Cam1_2026-06-09_14-55-45_capt0230_231.jpg,1,Transverse Crack (D10),0.15011580288410187,0.08,-37.7978425807,144.9873382541,26.7626,95.954619,37.31891,-2.713062,0.009,0.012,0.023,0.028,0.029,0.139,,,1366,1996,2229,2091,1797.5,2043.5,863,95
Cam1_2026-06-09_14-55-59_capt0335_336.jpg,Cam1_2026-06-09_14-55-59_capt0335_336.jpg,C:\Users\61411\Documents\Codex\2026-05-24\i-am-developing-a-new-research\experiments\gt46_yolo26_coordinate_revised\method_images\raw\Cam1_2026-06-09_14-55-59_capt0335_336.jpg,0,Longitudinal Crack (D00),0.6868888139724731,0.08,-37.7978623862,144.9875263709,26.8035,95.756825,37.970822,-1.931587,0.012,0.014,0.024,0.028,0.029,0.11443,,,4053,2020,4518,2508,4285.5,2264.0,465,488
Cam1_2026-06-09_14-55-59_capt0335_336.jpg,Cam1_2026-06-09_14-55-59_capt0335_336.jpg,C:\Users\61411\Documents\Codex\2026-05-24\i-am-developing-a-new-research\experiments\gt46_yolo26_coordinate_revised\method_images\rmr_native_gate_gamma085\Cam1_2026-06-09_14-55-59_capt0335_336.jpg,0,Longitudinal Crack (D00),0.15681351721286774,0.08,-37.7978623862,144.9875263709,26.8035,95.756825,37.970822,-1.931587,0.012,0.014,0.024,0.028,0.029,0.11443,,,360,1975,885,2483,622.5,2229.0,525,508
Cam1_2026-06-09_14-55-59_capt0335_336.jpg,Cam1_2026-06-09_14-55-59_capt0335_336.jpg,C:\Users\61411\Documents\Codex\2026-05-24\i-am-developing-a-new-research\experiments\gt46_yolo26_coordinate_revised\method_images\rmr_native_gate_gamma085\Cam1_2026-06-09_14-55-59_capt0335_336.jpg,0,Longitudinal Crack (D00),0.1319528967142105,0.08,-37.7978623862,144.9875263709,26.8035,95.756825,37.970822,-1.931587,0.012,0.014,0.024,0.028,0.029,0.11443,,,1629,1874,1835,2499,1732.0,2186.5,206,625
Cam1_2026-06-09_14-56-02_capt0360_361.jpg,Cam1_2026-06-09_14-56-02_capt0360_361.jpg,C:\Users\61411\Documents\Codex\2026-05-24\i-am-developing-a-new-research\experiments\gt46_yolo26_coordinate_revised\method_images\rmr_native_gate_gamma085\Cam1_2026-06-09_14-56-02_capt0360_361.jpg,0,Longitudinal Crack (D00),0.8466681241989136,0.08,-37.7978721424,144.9876223636,26.7949,95.986482,37.044107,-1.600864,0.012383,0.015,0.025,0.028,0.029,0.108,,,604,1422,855,1653,729.5,1537.5,251,231
Cam1_2026-06-09_14-56-02_capt0360_361.jpg,Cam1_2026-06-09_14-56-02_capt0360_361.jpg,C:\Users\61411\Documents\Codex\2026-05-24\i-am-developing-a-new-research\experiments\gt46_yolo26_coordinate_revised\method_images\raw\Cam1_2026-06-09_14-56-02_capt0360_361.jpg,0,Longitudinal Crack (D00),0.6178234219551086,0.08,-37.7978721424,144.9876223636,26.7949,95.986482,37.044107,-1.600864,0.012383,0.015,0.025,0.028,0.029,0.108,,,3514,1855,3661,2123,3587.5,1989.0,147,268
Cam1_2026-06-09_14-56-02_capt0360_361.jpg,Cam1_2026-06-09_14-56-02_capt0360_361.jpg,C:\Users\61411\Documents\Codex\2026-05-24\i-am-developing-a-new-research\experiments\gt46_yolo26_coordinate_revised\method_images\rmr_native_gate_gamma085\Cam1_2026-06-09_14-56-02_capt0360_361.jpg,0,Longitudinal Crack (D00),0.1559859663248062,0.08,-37.7978721424,144.9876223636,26.7949,95.986482,37.044107,-1.600864,0.012383,0.015,0.025,0.028,0.029,0.108,,,4466,14,4545,168,4505.5,91.0,79,154
Cam1_2026-06-09_14-56-12_capt0440_441.jpg,Cam1_2026-06-09_14-56-12_capt0440_441.jpg,C:\Users\61411\Documents\Codex\2026-05-24\i-am-developing-a-new-research\experiments\gt46_yolo26_coordinate_revised\method_images\rmr_native_gate_gamma085\Cam1_2026-06-09_14-56-12_capt0440_441.jpg,2,Alligator Crack (D20),0.8777218461036682,0.08,-37.7979295941,144.9881873632,26.3786,94.979883,37.230044,-2.708218,0.012,0.014,0.024,0.028,0.029,0.091,,,1908,1382,2557,1727,2232.5,1554.5,649,345
Cam1_2026-06-09_14-56-12_capt0440_441.jpg,Cam1_2026-06-09_14-56-12_capt0440_441.jpg,C:\Users\61411\Documents\Codex\2026-05-24\i-am-developing-a-new-research\experiments\gt46_yolo26_coordinate_revised\method_images\rmr_native_gate_gamma085\Cam1_2026-06-09_14-56-12_capt0440_441.jpg,2,Alligator Crack (D20),0.8754974603652954,0.08,-37.7979295941,144.9881873632,26.3786,94.979883,37.230044,-2.708218,0.012,0.014,0.024,0.028,0.029,0.091,,,2840,1367,3821,1760,3330.5,1563.5,981,393
Cam1_2026-06-09_14-56-12_capt0440_441.jpg,Cam1_2026-06-09_14-56-12_capt0440_441.jpg,C:\Users\61411\Documents\Codex\2026-05-24\i-am-developing-a-new-research\experiments\gt46_yolo26_coordinate_revised\method_images\raw\Cam1_2026-06-09_14-56-12_capt0440_441.jpg,2,Alligator Crack (D20),0.6492509245872498,0.08,-37.7979295941,144.9881873632,26.3786,94.979883,37.230044,-2.708218,0.012,0.014,0.024,0.028,0.029,0.091,,,1244,1009,1726,1310,1485.0,1159.5,482,301
Cam1_2026-06-09_14-56-12_capt0440_441.jpg,Cam1_2026-06-09_14-56-12_capt0440_441.jpg,C:\Users\61411\Documents\Codex\2026-05-24\i-am-developing-a-new-research\experiments\gt46_yolo26_coordinate_revised\method_images\raw\Cam1_2026-06-09_14-56-12_capt0440_441.jpg,0,Longitudinal Crack (D00),0.2285868227481842,0.08,-37.7979295941,144.9881873632,26.3786,94.979883,37.230044,-2.708218,0.012,0.014,0.024,0.028,0.029,0.091,,,1177,2585,1684,3168,1430.5,2876.5,507,583
Cam1_2026-06-09_14-56-12_capt0440_441.jpg,Cam1_2026-06-09_14-56-12_capt0440_441.jpg,C:\Users\61411\Documents\Codex\2026-05-24\i-am-developing-a-new-research\experiments\gt46_yolo26_coordinate_revised\method_images\rmr_native_gate_gamma085\Cam1_2026-06-09_14-56-12_capt0440_441.jpg,0,Longitudinal Crack (D00),0.15257905423641205,0.08,-37.7979295941,144.9881873632,26.3786,94.979883,37.230044,-2.708218,0.012,0.014,0.024,0.028,0.029,0.091,,,861,1755,1343,2688,1102.0,2221.5,482,933
Cam1_2026-06-09_14-56-13_capt0445_446.jpg,Cam1_2026-06-09_14-56-13_capt0445_446.jpg,C:\Users\61411\Documents\Codex\2026-05-24\i-am-developing-a-new-research\experiments\gt46_yolo26_coordinate_revised\method_images\raw\Cam1_2026-06-09_14-56-13_capt0445_446.jpg,3,Pothole (D40),0.5087324976921082,0.08,-37.7979345863,144.9882379781,26.3446,95.292669,37.43872,-2.755717,0.008,0.01,0.021,0.028,0.029,0.091,,,2758,1044,2925,1255,2841.5,1149.5,167,211
Cam1_2026-06-09_14-56-13_capt0445_446.jpg,Cam1_2026-06-09_14-56-13_capt0445_446.jpg,C:\Users\61411\Documents\Codex\2026-05-24\i-am-developing-a-new-research\experiments\gt46_yolo26_coordinate_revised\method_images\rmr_native_gate_gamma085\Cam1_2026-06-09_14-56-13_capt0445_446.jpg,2,Alligator Crack (D20),0.4389491379261017,0.08,-37.7979345863,144.9882379781,26.3446,95.292669,37.43872,-2.755717,0.008,0.01,0.021,0.028,0.029,0.091,,,1391,860,1789,1282,1590.0,1071.0,398,422
Cam1_2026-06-09_14-56-13_capt0445_446.jpg,Cam1_2026-06-09_14-56-13_capt0445_446.jpg,C:\Users\61411\Documents\Codex\2026-05-24\i-am-developing-a-new-research\experiments\gt46_yolo26_coordinate_revised\method_images\raw\Cam1_2026-06-09_14-56-13_capt0445_446.jpg,3,Pothole (D40),0.34757018089294434,0.08,-37.7979345863,144.9882379781,26.3446,95.292669,37.43872,-2.755717,0.008,0.01,0.021,0.028,0.029,0.091,,,4146,273,4365,354,4255.5,313.5,219,81
Cam1_2026-06-09_14-56-13_capt0445_446.jpg,Cam1_2026-06-09_14-56-13_capt0445_446.jpg,C:\Users\61411\Documents\Codex\2026-05-24\i-am-developing-a-new-research\experiments\gt46_yolo26_coordinate_revised\method_images\raw\Cam1_2026-06-09_14-56-13_capt0445_446.jpg,2,Alligator Crack (D20),0.1972832828760147,0.08,-37.7979345863,144.9882379781,26.3446,95.292669,37.43872,-2.755717,0.008,0.01,0.021,0.028,0.029,0.091,,,2565,515,2881,629,2723.0,572.0,316,114
Cam1_2026-06-09_14-56-15_capt0465_466.jpg,Cam1_2026-06-09_14-56-15_capt0465_466.jpg,C:\Users\61411\Documents\Codex\2026-05-24\i-am-developing-a-new-research\experiments\gt46_yolo26_coordinate_revised\method_images\rmr_native_gate_gamma085\Cam1_2026-06-09_14-56-15_capt0465_466.jpg,1,Transverse Crack (D10),0.3289562165737152,0.08,-37.7979565044,144.9884434749,26.304,95.581686,37.427955,-3.186446,0.011,0.013,0.024,0.028,0.029,0.089,,,982,1557,1482,1679,1232.0,1618.0,500,122
Cam1_2026-06-09_14-56-15_capt0465_466.jpg,Cam1_2026-06-09_14-56-15_capt0465_466.jpg,C:\Users\61411\Documents\Codex\2026-05-24\i-am-developing-a-new-research\experiments\gt46_yolo26_coordinate_revised\method_images\raw\Cam1_2026-06-09_14-56-15_capt0465_466.jpg,3,Pothole (D40),0.2530045509338379,0.08,-37.7979565044,144.9884434749,26.304,95.581686,37.427955,-3.186446,0.011,0.013,0.024,0.028,0.029,0.089,,,2771,3024,3144,3168,2957.5,3096.0,373,144
Cam1_2026-06-09_14-56-17_capt0480_481.jpg,Cam1_2026-06-09_14-56-17_capt0480_481.jpg,C:\Users\61411\Documents\Codex\2026-05-24\i-am-developing-a-new-research\experiments\gt46_yolo26_coordinate_revised\method_images\rmr_native_gate_gamma085\Cam1_2026-06-09_14-56-17_capt0480_481.jpg,3,Pothole (D40),0.5544817447662354,0.08,-37.7979750551,144.9885951442,26.316,97.287179,36.998667,-2.015415,0.012,0.014,0.025,0.028,0.029,0.088,,,3645,2511,3945,2849,3795.0,2680.0,300,338
Cam1_2026-06-09_14-56-17_capt0480_481.jpg,Cam1_2026-06-09_14-56-17_capt0480_481.jpg,C:\Users\61411\Documents\Codex\2026-05-24\i-am-developing-a-new-research\experiments\gt46_yolo26_coordinate_revised\method_images\raw\Cam1_2026-06-09_14-56-17_capt0480_481.jpg,2,Alligator Crack (D20),0.19150513410568237,0.08,-37.7979750551,144.9885951442,26.316,97.287179,36.998667,-2.015415,0.012,0.014,0.025,0.028,0.029,0.088,,,2847,2205,4308,2984,3577.5,2594.5,1461,779
Cam1_2026-06-09_14-56-18_capt0485_486.jpg,Cam1_2026-06-09_14-56-18_capt0485_486.jpg,C:\Users\61411\Documents\Codex\2026-05-24\i-am-developing-a-new-research\experiments\gt46_yolo26_coordinate_revised\method_images\raw\Cam1_2026-06-09_14-56-18_capt0485_486.jpg,3,Pothole (D40),0.849263608455658,0.08,-37.7979811781,144.988643545,26.2855,97.257943,36.948086,-1.592809,0.008,0.011,0.021,0.028,0.029,0.088,,,3566,1832,3967,2021,3766.5,1926.5,401,189
Cam1_2026-06-09_14-56-18_capt0490_491.jpg,Cam1_2026-06-09_14-56-18_capt0490_491.jpg,C:\Users\61411\Documents\Codex\2026-05-24\i-am-developing-a-new-research\experiments\gt46_yolo26_coordinate_revised\method_images\rmr_native_gate_gamma085\Cam1_2026-06-09_14-56-18_capt0490_491.jpg,3,Pothole (D40),0.5372372269630432,0.08,-37.7979868996,144.9886911898,26.2715,96.64497,36.815314,-1.57506,0.01,0.013,0.023,0.028,0.029,0.088,,,811,779,938,884,874.5,831.5,127,105
Cam1_2026-06-09_14-56-20_capt0500_501.jpg,Cam1_2026-06-09_14-56-20_capt0500_501.jpg,C:\Users\61411\Documents\Codex\2026-05-24\i-am-developing-a-new-research\experiments\gt46_yolo26_coordinate_revised\method_images\rmr_native_gate_gamma085\Cam1_2026-06-09_14-56-20_capt0500_501.jpg,3,Pothole (D40),0.35022440552711487,0.08,-37.7979973283,144.988783171,26.2334,97.310814,37.383585,-0.901003,0.009,0.011,0.021,0.028,0.029,0.088,,,4269,1948,4650,2393,4459.5,2170.5,381,445
Cam1_2026-06-09_14-56-20_capt0500_501.jpg,Cam1_2026-06-09_14-56-20_capt0500_501.jpg,C:\Users\61411\Documents\Codex\2026-05-24\i-am-developing-a-new-research\experiments\gt46_yolo26_coordinate_revised\method_images\rmr_native_gate_gamma085\Cam1_2026-06-09_14-56-20_capt0500_501.jpg,1,Transverse Crack (D10),0.16627416014671326,0.08,-37.7979973283,144.988783171,26.2334,97.310814,37.383585,-0.901003,0.009,0.011,0.021,0.028,0.029,0.088,,,4211,1808,4752,1922,4481.5,1865.0,541,114
Cam1_2026-06-09_14-56-20_capt0500_501.jpg,Cam1_2026-06-09_14-56-20_capt0500_501.jpg,C:\Users\61411\Documents\Codex\2026-05-24\i-am-developing-a-new-research\experiments\gt46_yolo26_coordinate_revised\method_images\raw\Cam1_2026-06-09_14-56-20_capt0500_501.jpg,2,Alligator Crack (D20),0.14763352274894714,0.08,-37.7979973283,144.988783171,26.2334,97.310814,37.383585,-0.901003,0.009,0.011,0.021,0.028,0.029,0.088,,,4273,1959,4621,2403,4447.0,2181.0,348,444
Cam1_2026-06-09_14-56-20_capt0505_506.jpg,Cam1_2026-06-09_14-56-20_capt0505_506.jpg,C:\Users\61411\Documents\Codex\2026-05-24\i-am-developing-a-new-research\experiments\gt46_yolo26_coordinate_revised\method_images\raw\Cam1_2026-06-09_14-56-20_capt0505_506.jpg,2,Alligator Crack (D20),0.8871231079101562,0.08,-37.7980028202,144.9888277312,26.2335,97.819707,37.155761,-0.58864,0.011,0.013,0.023,0.028,0.029,0.088,,,1902,1796,3342,2454,2622.0,2125.0,1440,658
Cam1_2026-06-09_14-56-20_capt0505_506.jpg,Cam1_2026-06-09_14-56-20_capt0505_506.jpg,C:\Users\61411\Documents\Codex\2026-05-24\i-am-developing-a-new-research\experiments\gt46_yolo26_coordinate_revised\method_images\raw\Cam1_2026-06-09_14-56-20_capt0505_506.jpg,3,Pothole (D40),0.29800745844841003,0.08,-37.7980028202,144.9888277312,26.2335,97.819707,37.155761,-0.58864,0.011,0.013,0.023,0.028,0.029,0.088,,,909,824,1124,901,1016.5,862.5,215,77
Cam1_2026-06-09_14-56-28_capt0570_571.jpg,Cam1_2026-06-09_14-56-28_capt0570_571.jpg,C:\Users\61411\Documents\Codex\2026-05-24\i-am-developing-a-new-research\experiments\gt46_yolo26_coordinate_revised\method_images\rmr_native_gate_gamma085\Cam1_2026-06-09_14-56-28_capt0570_571.jpg,2,Alligator Crack (D20),0.8363547325134277,0.08,-37.7980379885,144.9892121489,26.0652,93.751705,38.341418,-1.114485,0.01,0.012,0.021,0.028,0.028,0.088,,,1219,1360,2087,1810,1653.0,1585.0,868,450
Cam1_2026-06-09_14-56-28_capt0570_571.jpg,Cam1_2026-06-09_14-56-28_capt0570_571.jpg,C:\Users\61411\Documents\Codex\2026-05-24\i-am-developing-a-new-research\experiments\gt46_yolo26_coordinate_revised\method_images\raw\Cam1_2026-06-09_14-56-28_capt0570_571.jpg,2,Alligator Crack (D20),0.28153154253959656,0.08,-37.7980379885,144.9892121489,26.0652,93.751705,38.341418,-1.114485,0.01,0.012,0.021,0.028,0.028,0.088,,,21,1420,1261,1757,641.0,1588.5,1240,337
Cam1_2026-06-09_14-56-28_capt0570_571.jpg,Cam1_2026-06-09_14-56-28_capt0570_571.jpg,C:\Users\61411\Documents\Codex\2026-05-24\i-am-developing-a-new-research\experiments\gt46_yolo26_coordinate_revised\method_images\raw\Cam1_2026-06-09_14-56-28_capt0570_571.jpg,2,Alligator Crack (D20),0.25486478209495544,0.08,-37.7980379885,144.9892121489,26.0652,93.751705,38.341418,-1.114485,0.01,0.012,0.021,0.028,0.028,0.088,,,4066,4,4330,464,4198.0,234.0,264,460
Cam1_2026-06-09_14-56-32_capt0600_601.jpg,Cam1_2026-06-09_14-56-32_capt0600_601.jpg,C:\Users\61411\Documents\Codex\2026-05-24\i-am-developing-a-new-research\experiments\gt46_yolo26_coordinate_revised\method_images\rmr_native_gate_gamma085\Cam1_2026-06-09_14-56-32_capt0600_601.jpg,3,Pothole (D40),0.7545095086097717,0.08,-37.7980536371,144.9893759427,25.9687,97.831662,37.061032,-1.486837,0.012,0.015,0.024,0.028,0.029,0.087,,,4079,2807,4242,2937,4160.5,2872.0,163,130
Cam1_2026-06-09_14-56-32_capt0600_601.jpg,Cam1_2026-06-09_14-56-32_capt0600_601.jpg,C:\Users\61411\Documents\Codex\2026-05-24\i-am-developing-a-new-research\experiments\gt46_yolo26_coordinate_revised\method_images\raw\Cam1_2026-06-09_14-56-32_capt0600_601.jpg,3,Pothole (D40),0.7367055416107178,0.08,-37.7980536371,144.9893759427,25.9687,97.831662,37.061032,-1.486837,0.012,0.015,0.024,0.028,0.029,0.087,,,1832,337,2053,414,1942.5,375.5,221,77
Cam1_2026-06-09_14-56-32_capt0600_601.jpg,Cam1_2026-06-09_14-56-32_capt0600_601.jpg,C:\Users\61411\Documents\Codex\2026-05-24\i-am-developing-a-new-research\experiments\gt46_yolo26_coordinate_revised\method_images\rmr_native_gate_gamma085\Cam1_2026-06-09_14-56-32_capt0600_601.jpg,3,Pothole (D40),0.653553307056427,0.08,-37.7980536371,144.9893759427,25.9687,97.831662,37.061032,-1.486837,0.012,0.015,0.024,0.028,0.029,0.087,,,3813,2468,3960,2583,3886.5,2525.5,147,115
Cam1_2026-06-09_14-56-32_capt0600_601.jpg,Cam1_2026-06-09_14-56-32_capt0600_601.jpg,C:\Users\61411\Documents\Codex\2026-05-24\i-am-developing-a-new-research\experiments\gt46_yolo26_coordinate_revised\method_images\raw\Cam1_2026-06-09_14-56-32_capt0600_601.jpg,3,Pothole (D40),0.18052078783512115,0.08,-37.7980536371,144.9893759427,25.9687,97.831662,37.061032,-1.486837,0.012,0.015,0.024,0.028,0.029,0.087,,,3978,596,4113,658,4045.5,627.0,135,62
Cam1_2026-06-09_14-56-32_capt0600_601.jpg,Cam1_2026-06-09_14-56-32_capt0600_601.jpg,C:\Users\61411\Documents\Codex\2026-05-24\i-am-developing-a-new-research\experiments\gt46_yolo26_coordinate_revised\method_images\raw\Cam1_2026-06-09_14-56-32_capt0600_601.jpg,3,Pothole (D40),0.15129812061786652,0.08,-37.7980536371,144.9893759427,25.9687,97.831662,37.061032,-1.486837,0.012,0.015,0.024,0.028,0.029,0.087,,,2170,1641,2279,1823,2224.5,1732.0,109,182
Cam1_2026-06-09_14-58-15_capt1420_1421.jpg,Cam1_2026-06-09_14-58-15_capt1420_1421.jpg,C:\Users\61411\Documents\Codex\2026-05-24\i-am-developing-a-new-research\experiments\gt46_yolo26_coordinate_revised\method_images\rmr_native_gate_gamma085\Cam1_2026-06-09_14-58-15_capt1420_1421.jpg,2,Alligator Crack (D20),0.3541668951511383,0.08,-37.7982665968,144.9892897003,26.0576,185.451796,37.192544,-4.053969,0.01,0.011,0.021,0.029,0.028,0.092,,,1411,1746,2036,2079,1723.5,1912.5,625,333
Cam1_2026-06-09_14-58-15_capt1420_1421.jpg,Cam1_2026-06-09_14-58-15_capt1420_1421.jpg,C:\Users\61411\Documents\Codex\2026-05-24\i-am-developing-a-new-research\experiments\gt46_yolo26_coordinate_revised\method_images\raw\Cam1_2026-06-09_14-58-15_capt1420_1421.jpg,1,Transverse Crack (D10),0.16040900349617004,0.08,-37.7982665968,144.9892897003,26.0576,185.451796,37.192544,-4.053969,0.01,0.011,0.021,0.029,0.028,0.092,,,3126,1860,3596,1942,3361.0,1901.0,470,82
Cam1_2026-06-09_14-58-20_capt1460_1461.jpg,Cam1_2026-06-09_14-58-20_capt1460_1461.jpg,C:\Users\61411\Documents\Codex\2026-05-24\i-am-developing-a-new-research\experiments\gt46_yolo26_coordinate_revised\method_images\raw\Cam1_2026-06-09_14-58-20_capt1460_1461.jpg,3,Pothole (D40),0.7856711149215698,0.08,-37.7984854123,144.9892480007,26.009,185.819614,36.996988,-3.639213,0.01,0.011,0.021,0.029,0.028,0.095,,,3211,1832,3389,1964,3300.0,1898.0,178,132
Cam1_2026-06-09_14-58-20_capt1465_1466.jpg,Cam1_2026-06-09_14-58-20_capt1465_1466.jpg,C:\Users\61411\Documents\Codex\2026-05-24\i-am-developing-a-new-research\experiments\gt46_yolo26_coordinate_revised\method_images\rmr_native_gate_gamma085\Cam1_2026-06-09_14-58-20_capt1465_1466.jpg,3,Pothole (D40),0.22095201909542084,0.08,-37.7985115276,144.9892430827,26.0017,185.514571,37.709054,-3.59993,0.012,0.014,0.024,0.029,0.028,0.095,,,2824,849,2920,913,2872.0,881.0,96,64
Cam1_2026-06-09_14-58-20_capt1465_1466.jpg,Cam1_2026-06-09_14-58-20_capt1465_1466.jpg,C:\Users\61411\Documents\Codex\2026-05-24\i-am-developing-a-new-research\experiments\gt46_yolo26_coordinate_revised\method_images\rmr_native_gate_gamma085\Cam1_2026-06-09_14-58-20_capt1465_1466.jpg,1,Transverse Crack (D10),0.18196648359298706,0.08,-37.7985115276,144.9892430827,26.0017,185.514571,37.709054,-3.59993,0.012,0.014,0.024,0.029,0.028,0.095,,,3079,1207,3350,1270,3214.5,1238.5,271,63
Cam1_2026-06-09_14-58-21_capt1470_1471.jpg,Cam1_2026-06-09_14-58-21_capt1470_1471.jpg,C:\Users\61411\Documents\Codex\2026-05-24\i-am-developing-a-new-research\experiments\gt46_yolo26_coordinate_revised\method_images\rmr_native_gate_gamma085\Cam1_2026-06-09_14-58-21_capt1470_1471.jpg,0,Longitudinal Crack (D00),0.41685494780540466,0.08,-37.7985369055,144.9892382144,26.0145,185.136271,37.14227,-3.530683,0.009,0.011,0.02,0.029,0.028,0.095,,,1738,1385,2030,2172,1884.0,1778.5,292,787
Cam1_2026-06-09_14-58-21_capt1470_1471.jpg,Cam1_2026-06-09_14-58-21_capt1470_1471.jpg,C:\Users\61411\Documents\Codex\2026-05-24\i-am-developing-a-new-research\experiments\gt46_yolo26_coordinate_revised\method_images\rmr_native_gate_gamma085\Cam1_2026-06-09_14-58-21_capt1470_1471.jpg,1,Transverse Crack (D10),0.1196078434586525,0.08,-37.7985369055,144.9892382144,26.0145,185.136271,37.14227,-3.530683,0.009,0.011,0.02,0.029,0.028,0.095,,,3224,1637,3669,1830,3446.5,1733.5,445,193
Cam1_2026-06-09_14-58-25_capt1500_1501.jpg,Cam1_2026-06-09_14-58-25_capt1500_1501.jpg,C:\Users\61411\Documents\Codex\2026-05-24\i-am-developing-a-new-research\experiments\gt46_yolo26_coordinate_revised\method_images\rmr_native_gate_gamma085\Cam1_2026-06-09_14-58-25_capt1500_1501.jpg,2,Alligator Crack (D20),0.17076760530471802,0.08,-37.7986739347,144.9892323685,26.0089,162.583322,37.002356,-2.854391,0.014,0.016,0.031,0.029,0.029,0.098,,,836,1927,2219,2220,1527.5,2073.5,1383,293
Cam1_2026-06-09_14-58-25_capt1500_1501.jpg,Cam1_2026-06-09_14-58-25_capt1500_1501.jpg,C:\Users\61411\Documents\Codex\2026-05-24\i-am-developing-a-new-research\experiments\gt46_yolo26_coordinate_revised\method_images\rmr_native_gate_gamma085\Cam1_2026-06-09_14-58-25_capt1500_1501.jpg,0,Longitudinal Crack (D00),0.1117297038435936,0.08,-37.7986739347,144.9892323685,26.0089,162.583322,37.002356,-2.854391,0.014,0.016,0.031,0.029,0.029,0.098,,,2969,2671,3116,3161,3042.5,2916.0,147,490
Cam1_2026-06-09_14-58-25_capt1500_1501.jpg,Cam1_2026-06-09_14-58-25_capt1500_1501.jpg,C:\Users\61411\Documents\Codex\2026-05-24\i-am-developing-a-new-research\experiments\gt46_yolo26_coordinate_revised\method_images\raw\Cam1_2026-06-09_14-58-25_capt1500_1501.jpg,3,Pothole (D40),0.10541891306638718,0.08,-37.7986739347,144.9892323685,26.0089,162.583322,37.002356,-2.854391,0.014,0.016,0.031,0.029,0.029,0.098,,,2269,550,2376,612,2322.5,581.0,107,62
Cam1_2026-06-09_14-58-26_capt1510_1511.jpg,Cam1_2026-06-09_14-58-26_capt1510_1511.jpg,C:\Users\61411\Documents\Codex\2026-05-24\i-am-developing-a-new-research\experiments\gt46_yolo26_coordinate_revised\method_images\rmr_native_gate_gamma085\Cam1_2026-06-09_14-58-26_capt1510_1511.jpg,3,Pothole (D40),0.7900795340538025,0.08,-37.7987132432,144.9892452369,25.9608,173.121456,37.199978,-2.373542,0.01,0.012,0.025,0.03,0.03,0.098,,,783,1215,1253,1567,1018.0,1391.0,470,352
Cam1_2026-06-09_14-58-26_capt1510_1511.jpg,Cam1_2026-06-09_14-58-26_capt1510_1511.jpg,C:\Users\61411\Documents\Codex\2026-05-24\i-am-developing-a-new-research\experiments\gt46_yolo26_coordinate_revised\method_images\raw\Cam1_2026-06-09_14-58-26_capt1510_1511.jpg,3,Pothole (D40),0.7893606424331665,0.08,-37.7987132432,144.9892452369,25.9608,173.121456,37.199978,-2.373542,0.01,0.012,0.025,0.03,0.03,0.098,,,762,881,1313,1094,1037.5,987.5,551,213
Cam1_2026-06-09_14-58-26_capt1515_1516.jpg,Cam1_2026-06-09_14-58-26_capt1515_1516.jpg,C:\Users\61411\Documents\Codex\2026-05-24\i-am-developing-a-new-research\experiments\gt46_yolo26_coordinate_revised\method_images\raw\Cam1_2026-06-09_14-58-26_capt1515_1516.jpg,3,Pothole (D40),0.8480730056762695,0.08,-37.7987331569,144.9892484378,25.994,186.12381,35.989671,-3.443189,0.013,0.016,0.028,0.031,0.03,0.097,,,318,974,695,1220,506.5,1097.0,377,246
Cam1_2026-06-09_14-58-26_capt1515_1516.jpg,Cam1_2026-06-09_14-58-26_capt1515_1516.jpg,C:\Users\61411\Documents\Codex\2026-05-24\i-am-developing-a-new-research\experiments\gt46_yolo26_coordinate_revised\method_images\rmr_native_gate_gamma085\Cam1_2026-06-09_14-58-26_capt1515_1516.jpg,0,Longitudinal Crack (D00),0.4398200511932373,0.08,-37.7987331569,144.9892484378,25.994,186.12381,35.989671,-3.443189,0.013,0.016,0.028,0.031,0.03,0.097,,,2367,1618,3611,2855,2989.0,2236.5,1244,1237
Cam1_2026-06-09_14-58-26_capt1515_1516.jpg,Cam1_2026-06-09_14-58-26_capt1515_1516.jpg,C:\Users\61411\Documents\Codex\2026-05-24\i-am-developing-a-new-research\experiments\gt46_yolo26_coordinate_revised\method_images\rmr_native_gate_gamma085\Cam1_2026-06-09_14-58-26_capt1515_1516.jpg,3,Pothole (D40),0.1425357162952423,0.08,-37.7987331569,144.9892484378,25.994,186.12381,35.989671,-3.443189,0.013,0.016,0.028,0.031,0.03,0.097,,,387,2852,480,2978,433.5,2915.0,93,126
Cam1_2026-06-09_14-58-32_capt1560_1561.jpg,Cam1_2026-06-09_14-58-32_capt1560_1561.jpg,C:\Users\61411\Documents\Codex\2026-05-24\i-am-developing-a-new-research\experiments\gt46_yolo26_coordinate_revised\method_images\raw\Cam1_2026-06-09_14-58-32_capt1560_1561.jpg,3,Pothole (D40),0.7525139451026917,0.08,-37.7987530587,144.9891058965,25.9316,349.454861,38.433147,-2.008712,0.023406,0.025,0.034,0.032,0.031,0.093,,,1277,1899,1434,2171,1355.5,2035.0,157,272
Cam1_2026-06-09_14-58-32_capt1560_1561.jpg,Cam1_2026-06-09_14-58-32_capt1560_1561.jpg,C:\Users\61411\Documents\Codex\2026-05-24\i-am-developing-a-new-research\experiments\gt46_yolo26_coordinate_revised\method_images\rmr_native_gate_gamma085\Cam1_2026-06-09_14-58-32_capt1560_1561.jpg,0,Longitudinal Crack (D00),0.2376774251461029,0.08,-37.7987530587,144.9891058965,25.9316,349.454861,38.433147,-2.008712,0.023406,0.025,0.034,0.032,0.031,0.093,,,2056,1141,3087,2218,2571.5,1679.5,1031,1077
Cam1_2026-06-09_14-58-32_capt1560_1561.jpg,Cam1_2026-06-09_14-58-32_capt1560_1561.jpg,C:\Users\61411\Documents\Codex\2026-05-24\i-am-developing-a-new-research\experiments\gt46_yolo26_coordinate_revised\method_images\rmr_native_gate_gamma085\Cam1_2026-06-09_14-58-32_capt1560_1561.jpg,3,Pothole (D40),0.10329662263393402,0.08,-37.7987530587,144.9891058965,25.9316,349.454861,38.433147,-2.008712,0.023406,0.025,0.034,0.032,0.031,0.093,,,802,2046,963,2231,882.5,2138.5,161,185
Cam1_2026-06-09_14-58-41_capt1635_1636.jpg,Cam1_2026-06-09_14-58-41_capt1635_1636.jpg,C:\Users\61411\Documents\Codex\2026-05-24\i-am-developing-a-new-research\experiments\gt46_yolo26_coordinate_revised\method_images\raw\Cam1_2026-06-09_14-58-41_capt1635_1636.jpg,0,Longitudinal Crack (D00),0.42689162492752075,0.08,-37.7983321836,144.9892261409,26.0396,4.658949,37.634893,-3.593932,0.012,0.013,0.025,0.029,0.028,0.087,,,2951,1273,3049,1444,3000.0,1358.5,98,171
Cam1_2026-06-09_14-58-41_capt1635_1636.jpg,Cam1_2026-06-09_14-58-41_capt1635_1636.jpg,C:\Users\61411\Documents\Codex\2026-05-24\i-am-developing-a-new-research\experiments\gt46_yolo26_coordinate_revised\method_images\rmr_native_gate_gamma085\Cam1_2026-06-09_14-58-41_capt1635_1636.jpg,0,Longitudinal Crack (D00),0.10834138095378876,0.08,-37.7983321836,144.9892261409,26.0396,4.658949,37.634893,-3.593932,0.012,0.013,0.025,0.029,0.028,0.087,,,3233,1286,3356,1435,3294.5,1360.5,123,149
Cam1_2026-06-09_14-58-41_capt1635_1636.jpg,Cam1_2026-06-09_14-58-41_capt1635_1636.jpg,C:\Users\61411\Documents\Codex\2026-05-24\i-am-developing-a-new-research\experiments\gt46_yolo26_coordinate_revised\method_images\rmr_native_gate_gamma085\Cam1_2026-06-09_14-58-41_capt1635_1636.jpg,0,Longitudinal Crack (D00),0.10339631140232086,0.08,-37.7983321836,144.9892261409,26.0396,4.658949,37.634893,-3.593932,0.012,0.013,0.025,0.029,0.028,0.087,,,2076,1284,2125,1456,2100.5,1370.0,49,172
Cam1_2026-06-09_14-58-47_capt1680_1681.jpg,Cam1_2026-06-09_14-58-47_capt1680_1681.jpg,C:\Users\61411\Documents\Codex\2026-05-24\i-am-developing-a-new-research\experiments\gt46_yolo26_coordinate_revised\method_images\raw\Cam1_2026-06-09_14-58-47_capt1680_1681.jpg,0,Longitudinal Crack (D00),0.5267345905303955,0.08,-37.7980123095,144.9892894831,26.3601,5.899785,37.086558,-2.275948,0.043,0.049,0.089,0.029,0.028,0.088,,,3320,1509,3465,1823,3392.5,1666.0,145,314
Cam1_2026-06-09_14-58-47_capt1680_1681.jpg,Cam1_2026-06-09_14-58-47_capt1680_1681.jpg,C:\Users\61411\Documents\Codex\2026-05-24\i-am-developing-a-new-research\experiments\gt46_yolo26_coordinate_revised\method_images\raw\Cam1_2026-06-09_14-58-47_capt1680_1681.jpg,1,Transverse Crack (D10),0.3494456112384796,0.08,-37.7980123095,144.9892894831,26.3601,5.899785,37.086558,-2.275948,0.043,0.049,0.089,0.029,0.028,0.088,,,1463,968,2344,1074,1903.5,1021.0,881,106
Cam1_2026-06-09_14-58-47_capt1680_1681.jpg,Cam1_2026-06-09_14-58-47_capt1680_1681.jpg,C:\Users\61411\Documents\Codex\2026-05-24\i-am-developing-a-new-research\experiments\gt46_yolo26_coordinate_revised\method_images\raw\Cam1_2026-06-09_14-58-47_capt1680_1681.jpg,1,Transverse Crack (D10),0.34320497512817383,0.08,-37.7980123095,144.9892894831,26.3601,5.899785,37.086558,-2.275948,0.043,0.049,0.089,0.029,0.028,0.088,,,2425,903,3849,1051,3137.0,977.0,1424,148
Cam1_2026-06-09_14-58-47_capt1680_1681.jpg,Cam1_2026-06-09_14-58-47_capt1680_1681.jpg,C:\Users\61411\Documents\Codex\2026-05-24\i-am-developing-a-new-research\experiments\gt46_yolo26_coordinate_revised\method_images\raw\Cam1_2026-06-09_14-58-47_capt1680_1681.jpg,1,Transverse Crack (D10),0.31646642088890076,0.08,-37.7980123095,144.9892894831,26.3601,5.899785,37.086558,-2.275948,0.043,0.049,0.089,0.029,0.028,0.088,,,1,1024,392,1106,196.5,1065.0,391,82
Cam1_2026-06-09_14-58-47_capt1680_1681.jpg,Cam1_2026-06-09_14-58-47_capt1680_1681.jpg,C:\Users\61411\Documents\Codex\2026-05-24\i-am-developing-a-new-research\experiments\gt46_yolo26_coordinate_revised\method_images\rmr_native_gate_gamma085\Cam1_2026-06-09_14-58-47_capt1680_1681.jpg,0,Longitudinal Crack (D00),0.2390444278717041,0.08,-37.7980123095,144.9892894831,26.3601,5.899785,37.086558,-2.275948,0.043,0.049,0.089,0.029,0.028,0.088,,,3801,2400,4205,3154,4003.0,2777.0,404,754
Cam1_2026-06-09_14-58-52_capt1720_1721.jpg,Cam1_2026-06-09_14-58-52_capt1720_1721.jpg,C:\Users\61411\Documents\Codex\2026-05-24\i-am-developing-a-new-research\experiments\gt46_yolo26_coordinate_revised\method_images\rmr_native_gate_gamma085\Cam1_2026-06-09_14-58-52_capt1720_1721.jpg,3,Pothole (D40),0.11882483959197998,0.08,-37.7977297068,144.9893369529,26.2265,2.522453,37.373212,-4.125284,0.044,0.049,0.085,0.029,0.029,0.09,,,4582,2122,4723,2220,4652.5,2171.0,141,98
Cam1_2026-06-09_14-59-00_capt1785_1786.jpg,Cam1_2026-06-09_14-59-00_capt1785_1786.jpg,C:\Users\61411\Documents\Codex\2026-05-24\i-am-developing-a-new-research\experiments\gt46_yolo26_coordinate_revised\method_images\raw\Cam1_2026-06-09_14-59-00_capt1785_1786.jpg,0,Longitudinal Crack (D00),0.8826900720596313,0.08,-37.7973440223,144.9893623726,26.2735,29.375595,35.626132,-6.370429,0.044,0.05,0.060415,0.034,0.033,0.094,,,3203,2580,3988,3168,3595.5,2874.0,785,588
Cam1_2026-06-09_14-59-00_capt1785_1786.jpg,Cam1_2026-06-09_14-59-00_capt1785_1786.jpg,C:\Users\61411\Documents\Codex\2026-05-24\i-am-developing-a-new-research\experiments\gt46_yolo26_coordinate_revised\method_images\raw\Cam1_2026-06-09_14-59-00_capt1785_1786.jpg,0,Longitudinal Crack (D00),0.8048467040061951,0.08,-37.7973440223,144.9893623726,26.2735,29.375595,35.626132,-6.370429,0.044,0.05,0.060415,0.034,0.033,0.094,,,2693,1669,3044,2074,2868.5,1871.5,351,405
Cam1_2026-06-09_14-59-00_capt1785_1786.jpg,Cam1_2026-06-09_14-59-00_capt1785_1786.jpg,C:\Users\61411\Documents\Codex\2026-05-24\i-am-developing-a-new-research\experiments\gt46_yolo26_coordinate_revised\method_images\rmr_native_gate_gamma085\Cam1_2026-06-09_14-59-00_capt1785_1786.jpg,3,Pothole (D40),0.4336225092411041,0.08,-37.7973440223,144.9893623726,26.2735,29.375595,35.626132,-6.370429,0.044,0.05,0.060415,0.034,0.033,0.094,,,1752,402,2267,563,2009.5,482.5,515,161
Cam1_2026-06-09_14-59-00_capt1785_1786.jpg,Cam1_2026-06-09_14-59-00_capt1785_1786.jpg,C:\Users\61411\Documents\Codex\2026-05-24\i-am-developing-a-new-research\experiments\gt46_yolo26_coordinate_revised\method_images\raw\Cam1_2026-06-09_14-59-00_capt1785_1786.jpg,3,Pothole (D40),0.3641200661659241,0.08,-37.7973440223,144.9893623726,26.2735,29.375595,35.626132,-6.370429,0.044,0.05,0.060415,0.034,0.033,0.094,,,2062,520,2348,637,2205.0,578.5,286,117
Cam1_2026-06-09_14-59-00_capt1785_1786.jpg,Cam1_2026-06-09_14-59-00_capt1785_1786.jpg,C:\Users\61411\Documents\Codex\2026-05-24\i-am-developing-a-new-research\experiments\gt46_yolo26_coordinate_revised\method_images\raw\Cam1_2026-06-09_14-59-00_capt1785_1786.jpg,3,Pothole (D40),0.34369444847106934,0.08,-37.7973440223,144.9893623726,26.2735,29.375595,35.626132,-6.370429,0.044,0.05,0.060415,0.034,0.033,0.094,,,2744,710,3119,869,2931.5,789.5,375,159
Cam1_2026-06-09_14-59-00_capt1785_1786.jpg,Cam1_2026-06-09_14-59-00_capt1785_1786.jpg,C:\Users\61411\Documents\Codex\2026-05-24\i-am-developing-a-new-research\experiments\gt46_yolo26_coordinate_revised\method_images\raw\Cam1_2026-06-09_14-59-00_capt1785_1786.jpg,3,Pothole (D40),0.3020489811897278,0.08,-37.7973440223,144.9893623726,26.2735,29.375595,35.626132,-6.370429,0.044,0.05,0.060415,0.034,0.033,0.094,,,2374,592,2698,722,2536.0,657.0,324,130
Cam1_2026-06-09_14-59-00_capt1785_1786.jpg,Cam1_2026-06-09_14-59-00_capt1785_1786.jpg,C:\Users\61411\Documents\Codex\2026-05-24\i-am-developing-a-new-research\experiments\gt46_yolo26_coordinate_revised\method_images\raw\Cam1_2026-06-09_14-59-00_capt1785_1786.jpg,1,Transverse Crack (D10),0.2824298143386841,0.08,-37.7973440223,144.9893623726,26.2735,29.375595,35.626132,-6.370429,0.044,0.05,0.060415,0.034,0.033,0.094,,,265,1789,656,1868,460.5,1828.5,391,79
Cam1_2026-06-09_14-59-01_capt1795_1796.jpg,Cam1_2026-06-09_14-59-01_capt1795_1796.jpg,C:\Users\61411\Documents\Codex\2026-05-24\i-am-developing-a-new-research\experiments\gt46_yolo26_coordinate_revised\method_images\raw\Cam1_2026-06-09_14-59-01_capt1795_1796.jpg,2,Alligator Crack (D20),0.7871642112731934,0.08,-37.7973144232,144.9894022893,26.1952,75.668483,37.691304,-3.595195,0.041,0.047,0.053,0.034,0.034,0.093,,,0,1189,793,3059,396.5,2124.0,793,1870
Cam1_2026-06-09_14-59-01_capt1795_1796.jpg,Cam1_2026-06-09_14-59-01_capt1795_1796.jpg,C:\Users\61411\Documents\Codex\2026-05-24\i-am-developing-a-new-research\experiments\gt46_yolo26_coordinate_revised\method_images\rmr_native_gate_gamma085\Cam1_2026-06-09_14-59-01_capt1795_1796.jpg,1,Transverse Crack (D10),0.7850673794746399,0.08,-37.7973144232,144.9894022893,26.1952,75.668483,37.691304,-3.595195,0.041,0.047,0.053,0.034,0.034,0.093,,,88,2993,676,3103,382.0,3048.0,588,110
Cam1_2026-06-09_14-59-01_capt1795_1796.jpg,Cam1_2026-06-09_14-59-01_capt1795_1796.jpg,C:\Users\61411\Documents\Codex\2026-05-24\i-am-developing-a-new-research\experiments\gt46_yolo26_coordinate_revised\method_images\rmr_native_gate_gamma085\Cam1_2026-06-09_14-59-01_capt1795_1796.jpg,0,Longitudinal Crack (D00),0.5326846241950989,0.08,-37.7973144232,144.9894022893,26.1952,75.668483,37.691304,-3.595195,0.041,0.047,0.053,0.034,0.034,0.093,,,2625,946,3291,1499,2958.0,1222.5,666,553
Cam1_2026-06-09_14-59-01_capt1795_1796.jpg,Cam1_2026-06-09_14-59-01_capt1795_1796.jpg,C:\Users\61411\Documents\Codex\2026-05-24\i-am-developing-a-new-research\experiments\gt46_yolo26_coordinate_revised\method_images\rmr_native_gate_gamma085\Cam1_2026-06-09_14-59-01_capt1795_1796.jpg,1,Transverse Crack (D10),0.1328774094581604,0.08,-37.7973144232,144.9894022893,26.1952,75.668483,37.691304,-3.595195,0.041,0.047,0.053,0.034,0.034,0.093,,,397,1443,687,1501,542.0,1472.0,290,58
Cam1_2026-06-09_14-59-01_capt1795_1796.jpg,Cam1_2026-06-09_14-59-01_capt1795_1796.jpg,C:\Users\61411\Documents\Codex\2026-05-24\i-am-developing-a-new-research\experiments\gt46_yolo26_coordinate_revised\method_images\rmr_native_gate_gamma085\Cam1_2026-06-09_14-59-01_capt1795_1796.jpg,1,Transverse Crack (D10),0.11895433068275452,0.08,-37.7973144232,144.9894022893,26.1952,75.668483,37.691304,-3.595195,0.041,0.047,0.053,0.034,0.034,0.093,,,396,2123,835,2228,615.5,2175.5,439,105
Cam1_2026-06-09_14-59-01_capt1795_1796.jpg,Cam1_2026-06-09_14-59-01_capt1795_1796.jpg,C:\Users\61411\Documents\Codex\2026-05-24\i-am-developing-a-new-research\experiments\gt46_yolo26_coordinate_revised\method_images\raw\Cam1_2026-06-09_14-59-01_capt1795_1796.jpg,0,Longitudinal Crack (D00),0.11645887047052383,0.08,-37.7973144232,144.9894022893,26.1952,75.668483,37.691304,-3.595195,0.041,0.047,0.053,0.034,0.034,0.093,,,3301,1520,3542,1750,3421.5,1635.0,241,230
Cam1_2026-06-09_14-59-01_capt1795_1796.jpg,Cam1_2026-06-09_14-59-01_capt1795_1796.jpg,C:\Users\61411\Documents\Codex\2026-05-24\i-am-developing-a-new-research\experiments\gt46_yolo26_coordinate_revised\method_images\raw\Cam1_2026-06-09_14-59-01_capt1795_1796.jpg,3,Pothole (D40),0.10068213194608688,0.08,-37.7973144232,144.9894022893,26.1952,75.668483,37.691304,-3.595195,0.041,0.047,0.053,0.034,0.034,0.093,,,1070,2830,1203,2931,1136.5,2880.5,133,101
Cam1_2026-06-09_14-59-06_capt1830_1831.jpg,Cam1_2026-06-09_14-59-06_capt1830_1831.jpg,C:\Users\61411\Documents\Codex\2026-05-24\i-am-developing-a-new-research\experiments\gt46_yolo26_coordinate_revised\method_images\rmr_native_gate_gamma085\Cam1_2026-06-09_14-59-06_capt1830_1831.jpg,0,Longitudinal Crack (D00),0.5282955169677734,0.08,-37.7974005597,144.9894927163,25.9698,216.011743,36.798927,-5.587199,0.014,0.02,0.036,0.033,0.033,0.092,,,2227,1482,2471,1869,2349.0,1675.5,244,387
Cam1_2026-06-09_14-59-06_capt1830_1831.jpg,Cam1_2026-06-09_14-59-06_capt1830_1831.jpg,C:\Users\61411\Documents\Codex\2026-05-24\i-am-developing-a-new-research\experiments\gt46_yolo26_coordinate_revised\method_images\rmr_native_gate_gamma085\Cam1_2026-06-09_14-59-06_capt1830_1831.jpg,0,Longitudinal Crack (D00),0.2752954065799713,0.08,-37.7974005597,144.9894927163,25.9698,216.011743,36.798927,-5.587199,0.014,0.02,0.036,0.033,0.033,0.092,,,3389,1995,3611,3164,3500.0,2579.5,222,1169
Cam1_2026-06-09_14-59-06_capt1830_1831.jpg,Cam1_2026-06-09_14-59-06_capt1830_1831.jpg,C:\Users\61411\Documents\Codex\2026-05-24\i-am-developing-a-new-research\experiments\gt46_yolo26_coordinate_revised\method_images\rmr_native_gate_gamma085\Cam1_2026-06-09_14-59-06_capt1830_1831.jpg,0,Longitudinal Crack (D00),0.2545199990272522,0.08,-37.7974005597,144.9894927163,25.9698,216.011743,36.798927,-5.587199,0.014,0.02,0.036,0.033,0.033,0.092,,,2703,2536,3089,3163,2896.0,2849.5,386,627
Cam1_2026-06-09_14-59-06_capt1835_1836.jpg,Cam1_2026-06-09_14-59-06_capt1835_1836.jpg,C:\Users\61411\Documents\Codex\2026-05-24\i-am-developing-a-new-research\experiments\gt46_yolo26_coordinate_revised\method_images\raw\Cam1_2026-06-09_14-59-06_capt1835_1836.jpg,0,Longitudinal Crack (D00),0.36127322912216187,0.08,-37.7974165313,144.9894766331,26.0122,237.686132,37.552128,-4.41145,0.022,0.021,0.034,0.033,0.033,0.093,,,3076,1525,3173,1816,3124.5,1670.5,97,291
Cam1_2026-06-09_14-59-06_capt1835_1836.jpg,Cam1_2026-06-09_14-59-06_capt1835_1836.jpg,C:\Users\61411\Documents\Codex\2026-05-24\i-am-developing-a-new-research\experiments\gt46_yolo26_coordinate_revised\method_images\rmr_native_gate_gamma085\Cam1_2026-06-09_14-59-06_capt1835_1836.jpg,2,Alligator Crack (D20),0.24207718670368195,0.08,-37.7974165313,144.9894766331,26.0122,237.686132,37.552128,-4.41145,0.022,0.021,0.034,0.033,0.033,0.093,,,2133,1547,2392,1988,2262.5,1767.5,259,441
Cam1_2026-06-09_14-59-06_capt1835_1836.jpg,Cam1_2026-06-09_14-59-06_capt1835_1836.jpg,C:\Users\61411\Documents\Codex\2026-05-24\i-am-developing-a-new-research\experiments\gt46_yolo26_coordinate_revised\method_images\rmr_native_gate_gamma085\Cam1_2026-06-09_14-59-06_capt1835_1836.jpg,0,Longitudinal Crack (D00),0.08376886695623398,0.08,-37.7974165313,144.9894766331,26.0122,237.686132,37.552128,-4.41145,0.022,0.021,0.034,0.033,0.033,0.093,,,2359,864,2468,1041,2413.5,952.5,109,177
Cam1_2026-06-09_14-59-07_capt1840_1841.jpg,Cam1_2026-06-09_14-59-07_capt1840_1841.jpg,C:\Users\61411\Documents\Codex\2026-05-24\i-am-developing-a-new-research\experiments\gt46_yolo26_coordinate_revised\method_images\rmr_native_gate_gamma085\Cam1_2026-06-09_14-59-07_capt1840_1841.jpg,0,Longitudinal Crack (D00),0.8107162117958069,0.08,-37.797425435,144.9894555694,26.0753,257.739816,37.682951,-4.077511,0.022,0.02,0.033,0.033,0.032,0.093,,,1418,1771,1600,2343,1509.0,2057.0,182,572
Cam1_2026-06-09_14-59-07_capt1840_1841.jpg,Cam1_2026-06-09_14-59-07_capt1840_1841.jpg,C:\Users\61411\Documents\Codex\2026-05-24\i-am-developing-a-new-research\experiments\gt46_yolo26_coordinate_revised\method_images\rmr_native_gate_gamma085\Cam1_2026-06-09_14-59-07_capt1840_1841.jpg,0,Longitudinal Crack (D00),0.11361322551965714,0.08,-37.797425435,144.9894555694,26.0753,257.739816,37.682951,-4.077511,0.022,0.02,0.033,0.033,0.032,0.093,,,1859,1624,2025,3144,1942.0,2384.0,166,1520
Cam1_2026-06-09_14-59-07_capt1840_1841.jpg,Cam1_2026-06-09_14-59-07_capt1840_1841.jpg,C:\Users\61411\Documents\Codex\2026-05-24\i-am-developing-a-new-research\experiments\gt46_yolo26_coordinate_revised\method_images\rmr_native_gate_gamma085\Cam1_2026-06-09_14-59-07_capt1840_1841.jpg,0,Longitudinal Crack (D00),0.08866570144891739,0.08,-37.797425435,144.9894555694,26.0753,257.739816,37.682951,-4.077511,0.022,0.02,0.033,0.033,0.032,0.093,,,1135,816,1231,920,1183.0,868.0,96,104
Cam1_2026-06-09_14-59-12_capt1880_1881.jpg,Cam1_2026-06-09_14-59-12_capt1880_1881.jpg,C:\Users\61411\Documents\Codex\2026-05-24\i-am-developing-a-new-research\experiments\gt46_yolo26_coordinate_revised\method_images\rmr_native_gate_gamma085\Cam1_2026-06-09_14-59-12_capt1880_1881.jpg,0,Longitudinal Crack (D00),0.7411313652992249,0.08,-37.7973346284,144.9893693651,25.98,23.771928,36.869257,-4.155155,0.023,0.02,0.034,0.03,0.029,0.098,,,3006,1379,3138,1621,3072.0,1500.0,132,242
Cam1_2026-06-09_14-59-12_capt1880_1881.jpg,Cam1_2026-06-09_14-59-12_capt1880_1881.jpg,C:\Users\61411\Documents\Codex\2026-05-24\i-am-developing-a-new-research\experiments\gt46_yolo26_coordinate_revised\method_images\raw\Cam1_2026-06-09_14-59-12_capt1880_1881.jpg,3,Pothole (D40),0.5920416116714478,0.08,-37.7973346284,144.9893693651,25.98,23.771928,36.869257,-4.155155,0.023,0.02,0.034,0.03,0.029,0.098,,,3785,585,4135,722,3960.0,653.5,350,137
Cam1_2026-06-09_14-59-12_capt1880_1881.jpg,Cam1_2026-06-09_14-59-12_capt1880_1881.jpg,C:\Users\61411\Documents\Codex\2026-05-24\i-am-developing-a-new-research\experiments\gt46_yolo26_coordinate_revised\method_images\rmr_native_gate_gamma085\Cam1_2026-06-09_14-59-12_capt1880_1881.jpg,0,Longitudinal Crack (D00),0.4234541952610016,0.08,-37.7973346284,144.9893693651,25.98,23.771928,36.869257,-4.155155,0.023,0.02,0.034,0.03,0.029,0.098,,,2676,1854,2873,2533,2774.5,2193.5,197,679
Cam1_2026-06-09_14-59-12_capt1880_1881.jpg,Cam1_2026-06-09_14-59-12_capt1880_1881.jpg,C:\Users\61411\Documents\Codex\2026-05-24\i-am-developing-a-new-research\experiments\gt46_yolo26_coordinate_revised\method_images\rmr_native_gate_gamma085\Cam1_2026-06-09_14-59-12_capt1880_1881.jpg,3,Pothole (D40),0.19262032210826874,0.08,-37.7973346284,144.9893693651,25.98,23.771928,36.869257,-4.155155,0.023,0.02,0.034,0.03,0.029,0.098,,,3345,325,3869,510,3607.0,417.5,524,185
Cam1_2026-06-09_14-59-13_capt1885_1886.jpg,Cam1_2026-06-09_14-59-13_capt1885_1886.jpg,C:\Users\61411\Documents\Codex\2026-05-24\i-am-developing-a-new-research\experiments\gt46_yolo26_coordinate_revised\method_images\raw\Cam1_2026-06-09_14-59-13_capt1885_1886.jpg,0,Longitudinal Crack (D00),0.8188968896865845,0.08,-37.7973158075,144.9893815446,25.9526,24.033669,36.66084,-3.679264,0.021,0.016,0.031,0.03,0.029,0.097,,,2709,2147,3821,2689,3265.0,2418.0,1112,542
Cam1_2026-06-09_14-59-13_capt1885_1886.jpg,Cam1_2026-06-09_14-59-13_capt1885_1886.jpg,C:\Users\61411\Documents\Codex\2026-05-24\i-am-developing-a-new-research\experiments\gt46_yolo26_coordinate_revised\method_images\rmr_native_gate_gamma085\Cam1_2026-06-09_14-59-13_capt1885_1886.jpg,0,Longitudinal Crack (D00),0.1551438421010971,0.08,-37.7973158075,144.9893815446,25.9526,24.033669,36.66084,-3.679264,0.021,0.016,0.031,0.03,0.029,0.097,,,2691,798,2773,988,2732.0,893.0,82,190
Cam1_2026-06-09_14-59-13_capt1885_1886.jpg,Cam1_2026-06-09_14-59-13_capt1885_1886.jpg,C:\Users\61411\Documents\Codex\2026-05-24\i-am-developing-a-new-research\experiments\gt46_yolo26_coordinate_revised\method_images\raw\Cam1_2026-06-09_14-59-13_capt1885_1886.jpg,0,Longitudinal Crack (D00),0.13998869061470032,0.08,-37.7973158075,144.9893815446,25.9526,24.033669,36.66084,-3.679264,0.021,0.016,0.031,0.03,0.029,0.097,,,2739,1676,3012,2127,2875.5,1901.5,273,451
Cam1_2026-06-09_14-59-21_capt1955_1956.jpg,Cam1_2026-06-09_14-59-21_capt1955_1956.jpg,C:\Users\61411\Documents\Codex\2026-05-24\i-am-developing-a-new-research\experiments\gt46_yolo26_coordinate_revised\method_images\rmr_native_gate_gamma085\Cam1_2026-06-09_14-59-21_capt1955_1956.jpg,0,Longitudinal Crack (D00),0.3723112940788269,0.08,-37.7969035643,144.9894837893,26.0956,5.253481,37.290172,-2.997756,0.015,0.016,0.033,0.029,0.029,0.092,,,2711,1546,2821,1948,2766.0,1747.0,110,402
Cam1_2026-06-09_14-59-21_capt1955_1956.jpg,Cam1_2026-06-09_14-59-21_capt1955_1956.jpg,C:\Users\61411\Documents\Codex\2026-05-24\i-am-developing-a-new-research\experiments\gt46_yolo26_coordinate_revised\method_images\rmr_native_gate_gamma085\Cam1_2026-06-09_14-59-21_capt1955_1956.jpg,3,Pothole (D40),0.354436993598938,0.08,-37.7969035643,144.9894837893,26.0956,5.253481,37.290172,-2.997756,0.015,0.016,0.033,0.029,0.029,0.092,,,37,1924,231,2026,134.0,1975.0,194,102
Cam1_2026-06-09_14-59-21_capt1955_1956.jpg,Cam1_2026-06-09_14-59-21_capt1955_1956.jpg,C:\Users\61411\Documents\Codex\2026-05-24\i-am-developing-a-new-research\experiments\gt46_yolo26_coordinate_revised\method_images\raw\Cam1_2026-06-09_14-59-21_capt1955_1956.jpg,1,Transverse Crack (D10),0.25906091928482056,0.08,-37.7969035643,144.9894837893,26.0956,5.253481,37.290172,-2.997756,0.015,0.016,0.033,0.029,0.029,0.092,,,3507,2870,4070,2948,3788.5,2909.0,563,78
Cam1_2026-06-09_14-59-21_capt1955_1956.jpg,Cam1_2026-06-09_14-59-21_capt1955_1956.jpg,C:\Users\61411\Documents\Codex\2026-05-24\i-am-developing-a-new-research\experiments\gt46_yolo26_coordinate_revised\method_images\rmr_native_gate_gamma085\Cam1_2026-06-09_14-59-21_capt1955_1956.jpg,1,Transverse Crack (D10),0.13206128776073456,0.08,-37.7969035643,144.9894837893,26.0956,5.253481,37.290172,-2.997756,0.015,0.016,0.033,0.029,0.029,0.092,,,1475,2871,2209,2971,1842.0,2921.0,734,100
Cam1_2026-06-09_14-59-21_capt1955_1956.jpg,Cam1_2026-06-09_14-59-21_capt1955_1956.jpg,C:\Users\61411\Documents\Codex\2026-05-24\i-am-developing-a-new-research\experiments\gt46_yolo26_coordinate_revised\method_images\rmr_native_gate_gamma085\Cam1_2026-06-09_14-59-21_capt1955_1956.jpg,1,Transverse Crack (D10),0.12687388062477112,0.08,-37.7969035643,144.9894837893,26.0956,5.253481,37.290172,-2.997756,0.015,0.016,0.033,0.029,0.029,0.092,,,3246,1091,3757,1177,3501.5,1134.0,511,86
Cam1_2026-06-09_14-59-21_capt1955_1956.jpg,Cam1_2026-06-09_14-59-21_capt1955_1956.jpg,C:\Users\61411\Documents\Codex\2026-05-24\i-am-developing-a-new-research\experiments\gt46_yolo26_coordinate_revised\method_images\rmr_native_gate_gamma085\Cam1_2026-06-09_14-59-21_capt1955_1956.jpg,1,Transverse Crack (D10),0.11730683594942093,0.08,-37.7969035643,144.9894837893,26.0956,5.253481,37.290172,-2.997756,0.015,0.016,0.033,0.029,0.029,0.092,,,1748,901,2013,960,1880.5,930.5,265,59
Cam1_2026-06-09_14-59-21_capt1955_1956.jpg,Cam1_2026-06-09_14-59-21_capt1955_1956.jpg,C:\Users\61411\Documents\Codex\2026-05-24\i-am-developing-a-new-research\experiments\gt46_yolo26_coordinate_revised\method_images\rmr_native_gate_gamma085\Cam1_2026-06-09_14-59-21_capt1955_1956.jpg,0,Longitudinal Crack (D00),0.09244709461927414,0.08,-37.7969035643,144.9894837893,26.0956,5.253481,37.290172,-2.997756,0.015,0.016,0.033,0.029,0.029,0.092,,,2617,1339,2703,1595,2660.0,1467.0,86,256
Cam1_2026-06-09_14-59-26_capt1995_1996.jpg,Cam1_2026-06-09_14-59-26_capt1995_1996.jpg,C:\Users\61411\Documents\Codex\2026-05-24\i-am-developing-a-new-research\experiments\gt46_yolo26_coordinate_revised\method_images\rmr_native_gate_gamma085\Cam1_2026-06-09_14-59-26_capt1995_1996.jpg,2,Alligator Crack (D20),0.7051783204078674,0.08,-37.7967700481,144.9895075521,26.118,6.120784,38.78046,-2.14544,0.014,0.012,0.023,0.029,0.029,0.09,,,2726,2122,4355,2978,3540.5,2550.0,1629,856
Cam1_2026-06-09_14-59-26_capt1995_1996.jpg,Cam1_2026-06-09_14-59-26_capt1995_1996.jpg,C:\Users\61411\Documents\Codex\2026-05-24\i-am-developing-a-new-research\experiments\gt46_yolo26_coordinate_revised\method_images\rmr_native_gate_gamma085\Cam1_2026-06-09_14-59-26_capt1995_1996.jpg,3,Pothole (D40),0.6127737760543823,0.08,-37.7967700481,144.9895075521,26.118,6.120784,38.78046,-2.14544,0.014,0.012,0.023,0.029,0.029,0.09,,,407,1661,655,1842,531.0,1751.5,248,181
Cam1_2026-06-09_14-59-26_capt1995_1996.jpg,Cam1_2026-06-09_14-59-26_capt1995_1996.jpg,C:\Users\61411\Documents\Codex\2026-05-24\i-am-developing-a-new-research\experiments\gt46_yolo26_coordinate_revised\method_images\raw\Cam1_2026-06-09_14-59-26_capt1995_1996.jpg,3,Pothole (D40),0.5448553562164307,0.08,-37.7967700481,144.9895075521,26.118,6.120784,38.78046,-2.14544,0.014,0.012,0.023,0.029,0.029,0.09,,,170,1615,397,1747,283.5,1681.0,227,132
Cam1_2026-06-09_14-59-26_capt1995_1996.jpg,Cam1_2026-06-09_14-59-26_capt1995_1996.jpg,C:\Users\61411\Documents\Codex\2026-05-24\i-am-developing-a-new-research\experiments\gt46_yolo26_coordinate_revised\method_images\rmr_native_gate_gamma085\Cam1_2026-06-09_14-59-26_capt1995_1996.jpg,2,Alligator Crack (D20),0.39864179491996765,0.08,-37.7967700481,144.9895075521,26.118,6.120784,38.78046,-2.14544,0.014,0.012,0.023,0.029,0.029,0.09,,,3011,805,3823,1104,3417.0,954.5,812,299
Cam1_2026-06-09_14-59-26_capt1995_1996.jpg,Cam1_2026-06-09_14-59-26_capt1995_1996.jpg,C:\Users\61411\Documents\Codex\2026-05-24\i-am-developing-a-new-research\experiments\gt46_yolo26_coordinate_revised\method_images\raw\Cam1_2026-06-09_14-59-26_capt1995_1996.jpg,0,Longitudinal Crack (D00),0.27259960770606995,0.08,-37.7967700481,144.9895075521,26.118,6.120784,38.78046,-2.14544,0.014,0.012,0.023,0.029,0.029,0.09,,,1665,545,1761,711,1713.0,628.0,96,166
Cam1_2026-06-09_14-59-26_capt1995_1996.jpg,Cam1_2026-06-09_14-59-26_capt1995_1996.jpg,C:\Users\61411\Documents\Codex\2026-05-24\i-am-developing-a-new-research\experiments\gt46_yolo26_coordinate_revised\method_images\raw\Cam1_2026-06-09_14-59-26_capt1995_1996.jpg,3,Pothole (D40),0.19871488213539124,0.08,-37.7967700481,144.9895075521,26.118,6.120784,38.78046,-2.14544,0.014,0.012,0.023,0.029,0.029,0.09,,,799,1185,929,1258,864.0,1221.5,130,73
Cam1_2026-06-09_14-59-29_capt2015_2016.jpg,Cam1_2026-06-09_14-59-29_capt2015_2016.jpg,C:\Users\61411\Documents\Codex\2026-05-24\i-am-developing-a-new-research\experiments\gt46_yolo26_coordinate_revised\method_images\rmr_native_gate_gamma085\Cam1_2026-06-09_14-59-29_capt2015_2016.jpg,3,Pothole (D40),0.19078807532787323,0.08,-37.796674465,144.9895285785,26.2157,7.010219,37.582484,-1.657138,0.013,0.012,0.025759,0.029,0.029,0.09,,,3780,211,3871,261,3825.5,236.0,91,50
Cam1_2026-06-09_14-59-29_capt2015_2016.jpg,Cam1_2026-06-09_14-59-29_capt2015_2016.jpg,C:\Users\61411\Documents\Codex\2026-05-24\i-am-developing-a-new-research\experiments\gt46_yolo26_coordinate_revised\method_images\rmr_native_gate_gamma085\Cam1_2026-06-09_14-59-29_capt2015_2016.jpg,1,Transverse Crack (D10),0.12979021668434143,0.08,-37.796674465,144.9895285785,26.2157,7.010219,37.582484,-1.657138,0.013,0.012,0.025759,0.029,0.029,0.09,,,2624,798,3080,881,2852.0,839.5,456,83
Cam1_2026-06-09_14-59-36_capt2070_2071.jpg,Cam1_2026-06-09_14-59-36_capt2070_2071.jpg,C:\Users\61411\Documents\Codex\2026-05-24\i-am-developing-a-new-research\experiments\gt46_yolo26_coordinate_revised\method_images\raw\Cam1_2026-06-09_14-59-36_capt2070_2071.jpg,3,Pothole (D40),0.3811311423778534,0.08,-37.7963094907,144.9895859786,26.2308,4.673477,37.89416,-3.60825,0.008,0.008,0.016,0.029,0.028,0.088,,,1391,1690,1558,1821,1474.5,1755.5,167,131
Cam1_2026-06-09_14-59-36_capt2070_2071.jpg,Cam1_2026-06-09_14-59-36_capt2070_2071.jpg,C:\Users\61411\Documents\Codex\2026-05-24\i-am-developing-a-new-research\experiments\gt46_yolo26_coordinate_revised\method_images\raw\Cam1_2026-06-09_14-59-36_capt2070_2071.jpg,1,Transverse Crack (D10),0.37417659163475037,0.08,-37.7963094907,144.9895859786,26.2308,4.673477,37.89416,-3.60825,0.008,0.008,0.016,0.029,0.028,0.088,,,2300,679,2635,771,2467.5,725.0,335,92
Cam1_2026-06-09_14-59-36_capt2070_2071.jpg,Cam1_2026-06-09_14-59-36_capt2070_2071.jpg,C:\Users\61411\Documents\Codex\2026-05-24\i-am-developing-a-new-research\experiments\gt46_yolo26_coordinate_revised\method_images\rmr_native_gate_gamma085\Cam1_2026-06-09_14-59-36_capt2070_2071.jpg,3,Pothole (D40),0.36603906750679016,0.08,-37.7963094907,144.9895859786,26.2308,4.673477,37.89416,-3.60825,0.008,0.008,0.016,0.029,0.028,0.088,,,1472,2018,1741,2105,1606.5,2061.5,269,87
Cam1_2026-06-09_14-59-36_capt2070_2071.jpg,Cam1_2026-06-09_14-59-36_capt2070_2071.jpg,C:\Users\61411\Documents\Codex\2026-05-24\i-am-developing-a-new-research\experiments\gt46_yolo26_coordinate_revised\method_images\raw\Cam1_2026-06-09_14-59-36_capt2070_2071.jpg,3,Pothole (D40),0.1471775323152542,0.08,-37.7963094907,144.9895859786,26.2308,4.673477,37.89416,-3.60825,0.008,0.008,0.016,0.029,0.028,0.088,,,1815,1999,2058,2120,1936.5,2059.5,243,121
Cam1_2026-06-09_14-59-36_capt2070_2071.jpg,Cam1_2026-06-09_14-59-36_capt2070_2071.jpg,C:\Users\61411\Documents\Codex\2026-05-24\i-am-developing-a-new-research\experiments\gt46_yolo26_coordinate_revised\method_images\rmr_native_gate_gamma085\Cam1_2026-06-09_14-59-36_capt2070_2071.jpg,0,Longitudinal Crack (D00),0.10264718532562256,0.08,-37.7963094907,144.9895859786,26.2308,4.673477,37.89416,-3.60825,0.008,0.008,0.016,0.029,0.028,0.088,,,437,419,874,624,655.5,521.5,437,205
Cam1_2026-06-09_14-59-36_capt2070_2071.jpg,Cam1_2026-06-09_14-59-36_capt2070_2071.jpg,C:\Users\61411\Documents\Codex\2026-05-24\i-am-developing-a-new-research\experiments\gt46_yolo26_coordinate_revised\method_images\rmr_native_gate_gamma085\Cam1_2026-06-09_14-59-36_capt2070_2071.jpg,3,Pothole (D40),0.09300827234983444,0.08,-37.7963094907,144.9895859786,26.2308,4.673477,37.89416,-3.60825,0.008,0.008,0.016,0.029,0.028,0.088,,,1286,1954,1469,2074,1377.5,2014.0,183,120
Cam1_2026-06-09_14-59-36_capt2070_2071.jpg,Cam1_2026-06-09_14-59-36_capt2070_2071.jpg,C:\Users\61411\Documents\Codex\2026-05-24\i-am-developing-a-new-research\experiments\gt46_yolo26_coordinate_revised\method_images\rmr_native_gate_gamma085\Cam1_2026-06-09_14-59-36_capt2070_2071.jpg,3,Pothole (D40),0.08494465053081512,0.08,-37.7963094907,144.9895859786,26.2308,4.673477,37.89416,-3.60825,0.008,0.008,0.016,0.029,0.028,0.088,,,1176,965,1338,1031,1257.0,998.0,162,66
Cam1_2026-06-09_14-59-39_capt2095_2096.jpg,Cam1_2026-06-09_14-59-39_capt2095_2096.jpg,C:\Users\61411\Documents\Codex\2026-05-24\i-am-developing-a-new-research\experiments\gt46_yolo26_coordinate_revised\method_images\raw\Cam1_2026-06-09_14-59-39_capt2095_2096.jpg,2,Alligator Crack (D20),0.825853705406189,0.08,-37.7961146376,144.9896206203,26.3433,4.484135,37.530953,-4.084495,0.01,0.01,0.022,0.029,0.028,0.088,,,2016,622,2846,1463,2431.0,1042.5,830,841
Cam1_2026-06-09_14-59-39_capt2095_2096.jpg,Cam1_2026-06-09_14-59-39_capt2095_2096.jpg,C:\Users\61411\Documents\Codex\2026-05-24\i-am-developing-a-new-research\experiments\gt46_yolo26_coordinate_revised\method_images\rmr_native_gate_gamma085\Cam1_2026-06-09_14-59-39_capt2095_2096.jpg,3,Pothole (D40),0.12244115024805069,0.08,-37.7961146376,144.9896206203,26.3433,4.484135,37.530953,-4.084495,0.01,0.01,0.022,0.029,0.028,0.088,,,0,2576,89,2758,44.5,2667.0,89,182
Cam1_2026-06-09_14-59-43_capt2130_2131.jpg,Cam1_2026-06-09_14-59-43_capt2130_2131.jpg,C:\Users\61411\Documents\Codex\2026-05-24\i-am-developing-a-new-research\experiments\gt46_yolo26_coordinate_revised\method_images\rmr_native_gate_gamma085\Cam1_2026-06-09_14-59-43_capt2130_2131.jpg,2,Alligator Crack (D20),0.7557150721549988,0.08,-37.7958727286,144.9896579484,26.4333,5.17952,37.672597,-3.148168,0.011,0.011,0.02,0.029,0.029,0.09,,,1801,392,2780,804,2290.5,598.0,979,412
Cam1_2026-06-09_14-59-43_capt2130_2131.jpg,Cam1_2026-06-09_14-59-43_capt2130_2131.jpg,C:\Users\61411\Documents\Codex\2026-05-24\i-am-developing-a-new-research\experiments\gt46_yolo26_coordinate_revised\method_images\raw\Cam1_2026-06-09_14-59-43_capt2130_2131.jpg,3,Pothole (D40),0.6136521100997925,0.08,-37.7958727286,144.9896579484,26.4333,5.17952,37.672597,-3.148168,0.011,0.011,0.02,0.029,0.029,0.09,,,1650,1203,2039,1450,1844.5,1326.5,389,247
Cam1_2026-06-09_14-59-43_capt2130_2131.jpg,Cam1_2026-06-09_14-59-43_capt2130_2131.jpg,C:\Users\61411\Documents\Codex\2026-05-24\i-am-developing-a-new-research\experiments\gt46_yolo26_coordinate_revised\method_images\rmr_native_gate_gamma085\Cam1_2026-06-09_14-59-43_capt2130_2131.jpg,0,Longitudinal Crack (D00),0.1497448980808258,0.08,-37.7958727286,144.9896579484,26.4333,5.17952,37.672597,-3.148168,0.011,0.011,0.02,0.029,0.029,0.09,,,0,600,773,822,386.5,711.0,773,222
Cam1_2026-06-09_14-59-44_capt2135_2136.jpg,Cam1_2026-06-09_14-59-44_capt2135_2136.jpg,C:\Users\61411\Documents\Codex\2026-05-24\i-am-developing-a-new-research\experiments\gt46_yolo26_coordinate_revised\method_images\rmr_native_gate_gamma085\Cam1_2026-06-09_14-59-44_capt2135_2136.jpg,3,Pothole (D40),0.7820323705673218,0.08,-37.7958416089,144.989663353,26.4575,6.203324,37.116751,-3.247524,0.011,0.011,0.02,0.029,0.029,0.091,,,1510,1335,1765,1533,1637.5,1434.0,255,198
Cam1_2026-06-09_14-59-44_capt2135_2136.jpg,Cam1_2026-06-09_14-59-44_capt2135_2136.jpg,C:\Users\61411\Documents\Codex\2026-05-24\i-am-developing-a-new-research\experiments\gt46_yolo26_coordinate_revised\method_images\rmr_native_gate_gamma085\Cam1_2026-06-09_14-59-44_capt2135_2136.jpg,1,Transverse Crack (D10),0.44841447472572327,0.08,-37.7958416089,144.989663353,26.4575,6.203324,37.116751,-3.247524,0.011,0.011,0.02,0.029,0.029,0.091,,,1787,383,2651,490,2219.0,436.5,864,107
Cam1_2026-06-09_14-59-44_capt2135_2136.jpg,Cam1_2026-06-09_14-59-44_capt2135_2136.jpg,C:\Users\61411\Documents\Codex\2026-05-24\i-am-developing-a-new-research\experiments\gt46_yolo26_coordinate_revised\method_images\raw\Cam1_2026-06-09_14-59-44_capt2135_2136.jpg,1,Transverse Crack (D10),0.289051353931427,0.08,-37.7958416089,144.989663353,26.4575,6.203324,37.116751,-3.247524,0.011,0.011,0.02,0.029,0.029,0.091,,,1672,598,2008,658,1840.0,628.0,336,60
Cam1_2026-06-09_14-59-44_capt2135_2136.jpg,Cam1_2026-06-09_14-59-44_capt2135_2136.jpg,C:\Users\61411\Documents\Codex\2026-05-24\i-am-developing-a-new-research\experiments\gt46_yolo26_coordinate_revised\method_images\rmr_native_gate_gamma085\Cam1_2026-06-09_14-59-44_capt2135_2136.jpg,3,Pothole (D40),0.21183401346206665,0.08,-37.7958416089,144.989663353,26.4575,6.203324,37.116751,-3.247524,0.011,0.011,0.02,0.029,0.029,0.091,,,2123,641,2166,715,2144.5,678.0,43,74
Cam1_2026-06-09_14-59-44_capt2135_2136.jpg,Cam1_2026-06-09_14-59-44_capt2135_2136.jpg,C:\Users\61411\Documents\Codex\2026-05-24\i-am-developing-a-new-research\experiments\gt46_yolo26_coordinate_revised\method_images\rmr_native_gate_gamma085\Cam1_2026-06-09_14-59-44_capt2135_2136.jpg,1,Transverse Crack (D10),0.14837153255939484,0.08,-37.7958416089,144.989663353,26.4575,6.203324,37.116751,-3.247524,0.011,0.011,0.02,0.029,0.029,0.091,,,423,706,793,806,608.0,756.0,370,100
Cam1_2026-06-09_14-59-44_capt2135_2136.jpg,Cam1_2026-06-09_14-59-44_capt2135_2136.jpg,C:\Users\61411\Documents\Codex\2026-05-24\i-am-developing-a-new-research\experiments\gt46_yolo26_coordinate_revised\method_images\rmr_native_gate_gamma085\Cam1_2026-06-09_14-59-44_capt2135_2136.jpg,0,Longitudinal Crack (D00),0.09265097230672836,0.08,-37.7958416089,144.989663353,26.4575,6.203324,37.116751,-3.247524,0.011,0.011,0.02,0.029,0.029,0.091,,,2105,1313,2208,1492,2156.5,1402.5,103,179
Cam1_2026-06-09_14-59-49_capt2175_2176.jpg,Cam1_2026-06-09_14-59-49_capt2175_2176.jpg,C:\Users\61411\Documents\Codex\2026-05-24\i-am-developing-a-new-research\experiments\gt46_yolo26_coordinate_revised\method_images\rmr_native_gate_gamma085\Cam1_2026-06-09_14-59-49_capt2175_2176.jpg,1,Transverse Crack (D10),0.36531803011894226,0.08,-37.7956376101,144.989706089,26.4942,5.194284,37.640468,-3.672433,0.01,0.013117,0.020117,0.029,0.029,0.093,,,4051,1446,4543,1562,4297.0,1504.0,492,116
Cam1_2026-06-09_14-59-49_capt2175_2176.jpg,Cam1_2026-06-09_14-59-49_capt2175_2176.jpg,C:\Users\61411\Documents\Codex\2026-05-24\i-am-developing-a-new-research\experiments\gt46_yolo26_coordinate_revised\method_images\rmr_native_gate_gamma085\Cam1_2026-06-09_14-59-49_capt2175_2176.jpg,0,Longitudinal Crack (D00),0.15400712192058563,0.08,-37.7956376101,144.989706089,26.4942,5.194284,37.640468,-3.672433,0.01,0.013117,0.020117,0.029,0.029,0.093,,,2144,1381,2265,1662,2204.5,1521.5,121,281
Cam1_2026-06-09_14-59-49_capt2175_2176.jpg,Cam1_2026-06-09_14-59-49_capt2175_2176.jpg,C:\Users\61411\Documents\Codex\2026-05-24\i-am-developing-a-new-research\experiments\gt46_yolo26_coordinate_revised\method_images\rmr_native_gate_gamma085\Cam1_2026-06-09_14-59-49_capt2175_2176.jpg,1,Transverse Crack (D10),0.1425231248140335,0.08,-37.7956376101,144.989706089,26.4942,5.194284,37.640468,-3.672433,0.01,0.013117,0.020117,0.029,0.029,0.093,,,3016,1345,3367,1455,3191.5,1400.0,351,110
