run,mode,iou,images,gt,pred,tp,fp,fn,precision,recall,f1
raw,primary,0.1,44,167,96,49,47,118,0.5104166666666666,0.2934131736526946,0.37262357414448666
raw,primary,0.25,44,167,96,46,50,121,0.4791666666666667,0.2754491017964072,0.349809885931559
raw,primary,0.5,44,167,96,36,60,131,0.375,0.2155688622754491,0.27376425855513303
raw,class,0.1,44,167,96,45,51,122,0.46875,0.2694610778443114,0.3422053231939164
raw,class,0.25,44,167,96,43,53,124,0.4479166666666667,0.25748502994011974,0.32699619771863114
raw,class,0.5,44,167,96,34,62,133,0.3541666666666667,0.20359281437125748,0.2585551330798479
raw,primary_success,-1,44,167,96,52,,115,,0.31137724550898205,
rmr_blind,primary,0.1,44,167,92,47,45,120,0.5108695652173914,0.281437125748503,0.36293436293436293
rmr_blind,primary,0.25,44,167,92,43,49,124,0.4673913043478261,0.25748502994011974,0.33204633204633205
rmr_blind,primary,0.5,44,167,92,32,60,135,0.34782608695652173,0.19161676646706588,0.24710424710424717
rmr_blind,class,0.1,44,167,92,43,49,124,0.4673913043478261,0.25748502994011974,0.33204633204633205
rmr_blind,class,0.25,44,167,92,41,51,126,0.44565217391304346,0.24550898203592814,0.3166023166023166
rmr_blind,class,0.5,44,167,92,31,61,136,0.33695652173913043,0.18562874251497005,0.23938223938223938
rmr_blind,primary_success,-1,44,167,92,49,,118,,0.2934131736526946,
rmr_metadata,primary,0.1,44,167,95,48,47,119,0.5052631578947369,0.2874251497005988,0.366412213740458
rmr_metadata,primary,0.25,44,167,95,45,50,122,0.47368421052631576,0.2694610778443114,0.3435114503816794
rmr_metadata,primary,0.5,44,167,95,34,61,133,0.35789473684210527,0.20359281437125748,0.25954198473282436
rmr_metadata,class,0.1,44,167,95,44,51,123,0.4631578947368421,0.2634730538922156,0.3358778625954199
rmr_metadata,class,0.25,44,167,95,43,52,124,0.45263157894736844,0.25748502994011974,0.3282442748091603
rmr_metadata,class,0.5,44,167,95,33,62,134,0.3473684210526316,0.19760479041916168,0.25190839694656486
rmr_metadata,primary_success,-1,44,167,95,50,,117,,0.2994011976047904,
rmr_metadata_gated,primary,0.1,44,167,98,50,48,117,0.5102040816326531,0.2994011976047904,0.37735849056603765
rmr_metadata_gated,primary,0.25,44,167,98,47,51,120,0.47959183673469385,0.281437125748503,0.35471698113207545
rmr_metadata_gated,primary,0.5,44,167,98,35,63,132,0.35714285714285715,0.20958083832335328,0.26415094339622636
rmr_metadata_gated,class,0.1,44,167,98,46,52,121,0.46938775510204084,0.2754491017964072,0.34716981132075475
rmr_metadata_gated,class,0.25,44,167,98,44,54,123,0.4489795918367347,0.2634730538922156,0.33207547169811324
rmr_metadata_gated,class,0.5,44,167,98,33,65,134,0.336734693877551,0.19760479041916168,0.24905660377358493
rmr_metadata_gated,primary_success,-1,44,167,98,53,,114,,0.31736526946107785,
rmr_detdom2ep_metadata_eta0p05,primary,0.1,44,167,98,51,47,116,0.5204081632653061,0.30538922155688625,0.38490566037735846
rmr_detdom2ep_metadata_eta0p05,primary,0.25,44,167,98,48,50,119,0.4897959183673469,0.2874251497005988,0.36226415094339626
rmr_detdom2ep_metadata_eta0p05,primary,0.5,44,167,98,36,62,131,0.3673469387755102,0.2155688622754491,0.27169811320754716
rmr_detdom2ep_metadata_eta0p05,class,0.1,44,167,98,47,51,120,0.47959183673469385,0.281437125748503,0.35471698113207545
rmr_detdom2ep_metadata_eta0p05,class,0.25,44,167,98,45,53,122,0.45918367346938777,0.2694610778443114,0.339622641509434
rmr_detdom2ep_metadata_eta0p05,class,0.5,44,167,98,34,64,133,0.3469387755102041,0.20359281437125748,0.25660377358490566
rmr_detdom2ep_metadata_eta0p05,primary_success,-1,44,167,98,54,,113,,0.32335329341317365,
rmr_native_gate_gamma085,primary,0.1,44,167,101,53,48,114,0.5247524752475248,0.31736526946107785,0.3955223880597016
rmr_native_gate_gamma085,primary,0.25,44,167,101,50,51,117,0.49504950495049505,0.2994011976047904,0.3731343283582089
rmr_native_gate_gamma085,primary,0.5,44,167,101,37,64,130,0.36633663366336633,0.2215568862275449,0.27611940298507465
rmr_native_gate_gamma085,class,0.1,44,167,101,49,52,118,0.48514851485148514,0.2934131736526946,0.3656716417910447
rmr_native_gate_gamma085,class,0.25,44,167,101,47,54,120,0.46534653465346537,0.281437125748503,0.3507462686567164
rmr_native_gate_gamma085,class,0.5,44,167,101,35,66,132,0.3465346534653465,0.20958083832335328,0.26119402985074625
rmr_native_gate_gamma085,primary_success,-1,44,167,101,56,,111,,0.33532934131736525,
rmr_dual_evidence,primary,0.1,44,167,137,70,67,97,0.5109489051094891,0.41916167664670656,0.46052631578947373
rmr_dual_evidence,primary,0.25,44,167,137,63,74,104,0.45985401459854014,0.3772455089820359,0.4144736842105263
rmr_dual_evidence,primary,0.5,44,167,137,43,94,124,0.31386861313868614,0.25748502994011974,0.28289473684210525
rmr_dual_evidence,class,0.1,44,167,137,63,74,104,0.45985401459854014,0.3772455089820359,0.4144736842105263
rmr_dual_evidence,class,0.25,44,167,137,59,78,108,0.4306569343065693,0.3532934131736527,0.3881578947368421
rmr_dual_evidence,class,0.5,44,167,137,41,96,126,0.29927007299270075,0.24550898203592814,0.26973684210526316
rmr_dual_evidence,primary_success,-1,44,167,137,75,,92,,0.4491017964071856,
nafnet,primary,0.1,44,167,110,42,68,125,0.38181818181818183,0.25149700598802394,0.30324909747292417
nafnet,primary,0.25,44,167,110,39,71,128,0.35454545454545455,0.23353293413173654,0.2815884476534296
nafnet,primary,0.5,44,167,110,30,80,137,0.2727272727272727,0.17964071856287425,0.21660649819494587
nafnet,class,0.1,44,167,110,39,71,128,0.35454545454545455,0.23353293413173654,0.2815884476534296
nafnet,class,0.25,44,167,110,38,72,129,0.34545454545454546,0.2275449101796407,0.2743682310469314
nafnet,class,0.5,44,167,110,29,81,138,0.2636363636363636,0.17365269461077845,0.20938628158844766
nafnet,primary_success,-1,44,167,110,45,,122,,0.2694610778443114,
dfpir,primary,0.1,44,167,112,41,71,126,0.36607142857142855,0.24550898203592814,0.2939068100358423
dfpir,primary,0.25,44,167,112,39,73,128,0.3482142857142857,0.23353293413173654,0.27956989247311825
dfpir,primary,0.5,44,167,112,28,84,139,0.25,0.16766467065868262,0.20071684587813618
dfpir,class,0.1,44,167,112,40,72,127,0.35714285714285715,0.23952095808383234,0.28673835125448033
dfpir,class,0.25,44,167,112,39,73,128,0.3482142857142857,0.23353293413173654,0.27956989247311825
dfpir,class,0.5,44,167,112,28,84,139,0.25,0.16766467065868262,0.20071684587813618
dfpir,primary_success,-1,44,167,112,42,,125,,0.25149700598802394,
demoe_auto,primary,0.1,44,167,99,49,50,118,0.494949494949495,0.2934131736526946,0.3684210526315789
demoe_auto,primary,0.25,44,167,99,45,54,122,0.45454545454545453,0.2694610778443114,0.3383458646616541
demoe_auto,primary,0.5,44,167,99,37,62,130,0.37373737373737376,0.2215568862275449,0.2781954887218045
demoe_auto,class,0.1,44,167,99,45,54,122,0.45454545454545453,0.2694610778443114,0.3383458646616541
demoe_auto,class,0.25,44,167,99,43,56,124,0.43434343434343436,0.25748502994011974,0.3233082706766917
demoe_auto,class,0.5,44,167,99,36,63,131,0.36363636363636365,0.2155688622754491,0.27067669172932335
demoe_auto,primary_success,-1,44,167,99,51,,116,,0.30538922155688625,
demoe_scenario,primary,0.1,44,167,99,45,54,122,0.45454545454545453,0.2694610778443114,0.3383458646616541
demoe_scenario,primary,0.25,44,167,99,42,57,125,0.42424242424242425,0.25149700598802394,0.3157894736842105
demoe_scenario,primary,0.5,44,167,99,33,66,134,0.3333333333333333,0.19760479041916168,0.24812030075187966
demoe_scenario,class,0.1,44,167,99,42,57,125,0.42424242424242425,0.25149700598802394,0.3157894736842105
demoe_scenario,class,0.25,44,167,99,40,59,127,0.40404040404040403,0.23952095808383234,0.3007518796992481
demoe_scenario,class,0.5,44,167,99,31,68,136,0.31313131313131315,0.18562874251497005,0.23308270676691728
demoe_scenario,primary_success,-1,44,167,99,48,,119,,0.2874251497005988,
instructir_generic,primary,0.1,44,167,96,49,47,118,0.5104166666666666,0.2934131736526946,0.37262357414448666
instructir_generic,primary,0.25,44,167,96,45,51,122,0.46875,0.2694610778443114,0.3422053231939164
instructir_generic,primary,0.5,44,167,96,35,61,132,0.3645833333333333,0.20958083832335328,0.2661596958174905
instructir_generic,class,0.1,44,167,96,44,52,123,0.4583333333333333,0.2634730538922156,0.33460076045627374
instructir_generic,class,0.25,44,167,96,42,54,125,0.4375,0.25149700598802394,0.3193916349809886
instructir_generic,class,0.5,44,167,96,33,63,134,0.34375,0.19760479041916168,0.2509505703422053
instructir_generic,primary_success,-1,44,167,96,53,,114,,0.31736526946107785,
instructir_metadata,primary,0.1,44,167,105,44,61,123,0.41904761904761906,0.2634730538922156,0.3235294117647059
instructir_metadata,primary,0.25,44,167,105,41,64,126,0.3904761904761905,0.24550898203592814,0.3014705882352941
instructir_metadata,primary,0.5,44,167,105,30,75,137,0.2857142857142857,0.17964071856287425,0.22058823529411767
instructir_metadata,class,0.1,44,167,105,40,65,127,0.38095238095238093,0.23952095808383234,0.29411764705882354
instructir_metadata,class,0.25,44,167,105,39,66,128,0.37142857142857144,0.23353293413173654,0.286764705882353
instructir_metadata,class,0.5,44,167,105,29,76,138,0.2761904761904762,0.17365269461077845,0.21323529411764705
instructir_metadata,primary_success,-1,44,167,105,47,,120,,0.281437125748503,
