corpus,dataset,split,scenario,method,map50,map50_95,precision,recall,detector,imgsz,output_policy
fresh_final baselines + validation-selected 30-epoch RMR-Net,IVCNZ,test,clean,Clean,0.6521152832907862,0.3218915521255975,0.706276309193234,0.5905938274350857,YOLO11s frozen clean-data checkpoint,640,direct restored view
fresh_final baselines + validation-selected 30-epoch RMR-Net,IVCNZ,test,motion,Degraded,0.1395142510495141,0.05041716141669912,0.30661596389358403,0.1564327485380117,YOLO11s frozen clean-data checkpoint,640,direct restored view
fresh_final baselines + validation-selected 30-epoch RMR-Net,IVCNZ,test,motion,DFPIR,0.37424091880608945,0.15743392519193203,0.5627089044407348,0.3362573099415205,YOLO11s frozen clean-data checkpoint,640,direct restored view
fresh_final baselines + validation-selected 30-epoch RMR-Net,IVCNZ,test,motion,DeMoE-auto,0.3711597213762285,0.15729574637696978,0.5487847903191203,0.3391812865497076,YOLO11s frozen clean-data checkpoint,640,direct restored view
fresh_final baselines + validation-selected 30-epoch RMR-Net,IVCNZ,test,motion,DeMoE-scenario,0.38216810710306826,0.1614347480268191,0.5887271611971254,0.3348482970140341,YOLO11s frozen clean-data checkpoint,640,direct restored view
fresh_final baselines + validation-selected 30-epoch RMR-Net,IVCNZ,test,motion,NAFNet-road,0.18976819308647053,0.06939595754173533,0.3239938510043625,0.2236842105263158,YOLO11s frozen clean-data checkpoint,640,direct restored view
fresh_final baselines + validation-selected 30-epoch RMR-Net,IVCNZ,test,defocus,Degraded,0.15395713606253408,0.06161085650624989,0.5512682580864328,0.12572402841541236,YOLO11s frozen clean-data checkpoint,640,direct restored view
fresh_final baselines + validation-selected 30-epoch RMR-Net,IVCNZ,test,defocus,DFPIR,0.21094131525521037,0.08593601858604433,0.5503441407022562,0.1950418147182907,YOLO11s frozen clean-data checkpoint,640,direct restored view
fresh_final baselines + validation-selected 30-epoch RMR-Net,IVCNZ,test,defocus,DeMoE-auto,0.24801446662849502,0.10040973213560529,0.5524033225696046,0.22076023391812866,YOLO11s frozen clean-data checkpoint,640,direct restored view
fresh_final baselines + validation-selected 30-epoch RMR-Net,IVCNZ,test,defocus,DeMoE-scenario,0.2536028869492577,0.10037294082432532,0.5247345651224578,0.2222222222222222,YOLO11s frozen clean-data checkpoint,640,direct restored view
fresh_final baselines + validation-selected 30-epoch RMR-Net,IVCNZ,test,defocus,NAFNet-road,0.35660083553092214,0.15371901111089661,0.5768530455339755,0.3201754385964912,YOLO11s frozen clean-data checkpoint,640,direct restored view
fresh_final baselines + validation-selected 30-epoch RMR-Net,IVCNZ,test,lowlight,Degraded,0.516848538739037,0.24605334788175176,0.673070066818645,0.43944358989324184,YOLO11s frozen clean-data checkpoint,640,direct restored view
fresh_final baselines + validation-selected 30-epoch RMR-Net,IVCNZ,test,lowlight,DFPIR,0.47538769842873635,0.21579419189267707,0.5689623256138704,0.43128654970760233,YOLO11s frozen clean-data checkpoint,640,direct restored view
fresh_final baselines + validation-selected 30-epoch RMR-Net,IVCNZ,test,lowlight,DeMoE-auto,0.5103702885466069,0.24115421699904788,0.6029683905685354,0.4766081871345029,YOLO11s frozen clean-data checkpoint,640,direct restored view
fresh_final baselines + validation-selected 30-epoch RMR-Net,IVCNZ,test,lowlight,DeMoE-scenario,0.5098767948083455,0.24092709056927183,0.6124811110085967,0.47368421052631576,YOLO11s frozen clean-data checkpoint,640,direct restored view
fresh_final baselines + validation-selected 30-epoch RMR-Net,IVCNZ,test,lowlight,NAFNet-road,0.5049071892899067,0.2362139070976367,0.6389062371415757,0.4415204678362573,YOLO11s frozen clean-data checkpoint,640,direct restored view
fresh_final baselines + validation-selected 30-epoch RMR-Net,IVCNZ,test,mixed,Degraded,0.27977424953785923,0.12011397039133234,0.4740993835125929,0.26900584795321636,YOLO11s frozen clean-data checkpoint,640,direct restored view
fresh_final baselines + validation-selected 30-epoch RMR-Net,IVCNZ,test,mixed,DFPIR,0.30663814622796604,0.1328583458164733,0.5179019147427779,0.2953216374269006,YOLO11s frozen clean-data checkpoint,640,direct restored view
fresh_final baselines + validation-selected 30-epoch RMR-Net,IVCNZ,test,mixed,DeMoE-auto,0.343186240774276,0.14817109642540668,0.554563631188404,0.3230994152046784,YOLO11s frozen clean-data checkpoint,640,direct restored view
fresh_final baselines + validation-selected 30-epoch RMR-Net,IVCNZ,test,mixed,DeMoE-scenario,0.3507051378144879,0.1537623093569032,0.5501748621234415,0.3361700534814653,YOLO11s frozen clean-data checkpoint,640,direct restored view
fresh_final baselines + validation-selected 30-epoch RMR-Net,IVCNZ,test,mixed,NAFNet-road,0.27457979673538807,0.10943431730975735,0.48186972606161477,0.27631578947368424,YOLO11s frozen clean-data checkpoint,640,direct restored view
fresh_final baselines + validation-selected 30-epoch RMR-Net,IVCNZ,test,motion,RMR-Net,0.4267142330716218,0.1794306398185168,0.616438999449009,0.36889276099381985,YOLO11s frozen clean-data checkpoint,640,direct restored view
fresh_final baselines + validation-selected 30-epoch RMR-Net,IVCNZ,test,defocus,RMR-Net,0.3721291062724673,0.15834134065075112,0.638877734082583,0.32894736842105265,YOLO11s frozen clean-data checkpoint,640,direct restored view
fresh_final baselines + validation-selected 30-epoch RMR-Net,IVCNZ,test,lowlight,RMR-Net,0.5232460760567675,0.2424611218133978,0.6178755052476961,0.46345029239766083,YOLO11s frozen clean-data checkpoint,640,direct restored view
fresh_final baselines + validation-selected 30-epoch RMR-Net,IVCNZ,test,mixed,RMR-Net,0.4272599954106439,0.1926838816726043,0.5311073685201415,0.41228070175438597,YOLO11s frozen clean-data checkpoint,640,direct restored view
fresh_final baselines + validation-selected 30-epoch RMR-Net,PCM,test,clean,Clean,0.540965834335866,0.2316286126094596,0.538121762207569,0.5442935476422975,YOLO11s frozen clean-data checkpoint,640,direct restored view
fresh_final baselines + validation-selected 30-epoch RMR-Net,PCM,test,motion,Degraded,0.20343616388558652,0.06859633808953586,0.36363026977176616,0.22341859890282886,YOLO11s frozen clean-data checkpoint,640,direct restored view
fresh_final baselines + validation-selected 30-epoch RMR-Net,PCM,test,motion,DFPIR,0.29389952098878275,0.10387308142906411,0.4367390291348439,0.3111884078674773,YOLO11s frozen clean-data checkpoint,640,direct restored view
fresh_final baselines + validation-selected 30-epoch RMR-Net,PCM,test,motion,DeMoE-auto,0.31945936145328707,0.11852588395358919,0.371181184761829,0.3766138026509173,YOLO11s frozen clean-data checkpoint,640,direct restored view
fresh_final baselines + validation-selected 30-epoch RMR-Net,PCM,test,motion,DeMoE-scenario,0.3197009609103017,0.118563845964057,0.37040566041268286,0.3766138026509173,YOLO11s frozen clean-data checkpoint,640,direct restored view
fresh_final baselines + validation-selected 30-epoch RMR-Net,PCM,test,motion,NAFNet-road,0.19396343326557122,0.06474435643671564,0.35843598935921733,0.22805736100892618,YOLO11s frozen clean-data checkpoint,640,direct restored view
fresh_final baselines + validation-selected 30-epoch RMR-Net,PCM,test,defocus,Degraded,0.060212047810459655,0.022415328578304566,0.10311225822089054,0.17507583739109978,YOLO11s frozen clean-data checkpoint,640,direct restored view
fresh_final baselines + validation-selected 30-epoch RMR-Net,PCM,test,defocus,DFPIR,0.0912471484975856,0.03217859144704022,0.10178455247207081,0.2686419319134832,YOLO11s frozen clean-data checkpoint,640,direct restored view
fresh_final baselines + validation-selected 30-epoch RMR-Net,PCM,test,defocus,DeMoE-auto,0.13649646563389511,0.04725390055137603,0.3046938501433527,0.15021482624796828,YOLO11s frozen clean-data checkpoint,640,direct restored view
fresh_final baselines + validation-selected 30-epoch RMR-Net,PCM,test,defocus,DeMoE-scenario,0.15204202033417114,0.0527939615858587,0.340714898916179,0.15546406718990782,YOLO11s frozen clean-data checkpoint,640,direct restored view
fresh_final baselines + validation-selected 30-epoch RMR-Net,PCM,test,defocus,NAFNet-road,0.17357695686852984,0.0597203309206779,0.33455377951893855,0.1996697121046519,YOLO11s frozen clean-data checkpoint,640,direct restored view
fresh_final baselines + validation-selected 30-epoch RMR-Net,PCM,test,lowlight,Degraded,0.3256058600510124,0.1321167432949003,0.4508311866987647,0.33596444276937903,YOLO11s frozen clean-data checkpoint,640,direct restored view
fresh_final baselines + validation-selected 30-epoch RMR-Net,PCM,test,lowlight,DFPIR,0.352282115684268,0.14206229420307537,0.45949033608172735,0.39545664870629227,YOLO11s frozen clean-data checkpoint,640,direct restored view
fresh_final baselines + validation-selected 30-epoch RMR-Net,PCM,test,lowlight,DeMoE-auto,0.317204947076502,0.12717571721818255,0.4614134571191409,0.3359947381801522,YOLO11s frozen clean-data checkpoint,640,direct restored view
fresh_final baselines + validation-selected 30-epoch RMR-Net,PCM,test,lowlight,DeMoE-scenario,0.26329876316600526,0.10632124605592395,0.4166641356885498,0.2734424365818264,YOLO11s frozen clean-data checkpoint,640,direct restored view
fresh_final baselines + validation-selected 30-epoch RMR-Net,PCM,test,lowlight,NAFNet-road,0.36356184070038294,0.14670801449869855,0.540442919832965,0.35970369298254684,YOLO11s frozen clean-data checkpoint,640,direct restored view
fresh_final baselines + validation-selected 30-epoch RMR-Net,PCM,test,mixed,Degraded,0.06124847582255353,0.02296007395967188,0.19002525837596673,0.09404265690735074,YOLO11s frozen clean-data checkpoint,640,direct restored view
fresh_final baselines + validation-selected 30-epoch RMR-Net,PCM,test,mixed,DFPIR,0.058505719921183134,0.02197021890830938,0.196829304451708,0.08126322239755492,YOLO11s frozen clean-data checkpoint,640,direct restored view
fresh_final baselines + validation-selected 30-epoch RMR-Net,PCM,test,mixed,DeMoE-auto,0.08212867422263609,0.03145524912125472,0.21385493637093364,0.12850561727704685,YOLO11s frozen clean-data checkpoint,640,direct restored view
fresh_final baselines + validation-selected 30-epoch RMR-Net,PCM,test,mixed,DeMoE-scenario,0.08011299162797426,0.030780881529226357,0.21670791340350584,0.1261680937392547,YOLO11s frozen clean-data checkpoint,640,direct restored view
fresh_final baselines + validation-selected 30-epoch RMR-Net,PCM,test,mixed,NAFNet-road,0.08252086539063108,0.03074298586596076,0.25411388152962383,0.12751516057192866,YOLO11s frozen clean-data checkpoint,640,direct restored view
fresh_final baselines + validation-selected 30-epoch RMR-Net,PCM,test,motion,RMR-Net,0.3116922470082634,0.11067725401401286,0.37798574951956393,0.33868244222244986,YOLO11s frozen clean-data checkpoint,640,direct restored view
fresh_final baselines + validation-selected 30-epoch RMR-Net,PCM,test,defocus,RMR-Net,0.2330859771404454,0.08027662207677695,0.3350460518733351,0.2610790640705237,YOLO11s frozen clean-data checkpoint,640,direct restored view
fresh_final baselines + validation-selected 30-epoch RMR-Net,PCM,test,lowlight,RMR-Net,0.43484027832825994,0.17661844260897974,0.5154144913456994,0.4327279162254216,YOLO11s frozen clean-data checkpoint,640,direct restored view
fresh_final baselines + validation-selected 30-epoch RMR-Net,PCM,test,mixed,RMR-Net,0.1386620936108841,0.047786837646474824,0.277514233565806,0.20558197032794523,YOLO11s frozen clean-data checkpoint,640,direct restored view
